market_id,event_key,ticker,company_event_date,resolved_label,resolved_outcome,outcomes,outcome_prices,closed,active,uma_resolution_status,question,slug,gamma_updated_at,raw_sha256
2866430,AAL|2026-07-23,AAL,2026-07-23,1,YES,"[""Yes"",""No""]","[1.0,0.0]",true,true,resolved,Will American Airlines (AAL) beat quarterly earnings?,aal-quarterly-earnings-nongaap-eps-07-23-2026-0pt04,2026-07-24T11:04:54.696447Z,c90024f8bf24f236bb7ef6029ab338a98bac7fe5ccdac637348076acd4ea1886
675008,ACM|2025-11-18,ACM,2025-11-18,1,YES,"[""Yes"",""No""]","[1.0,0.0]",true,true,resolved,Will AECOM (ACM) beat quarterly earnings?,acm-quarterly-earnings-nongaap-eps-11-18-2025-1pt34,2026-02-03T16:49:00.152421Z,32d7fae1fc96f32730c41a0c4c1d5360ac575e5bb4d6ef569c6101afc5d13429
2129328,AMAT|2026-05-14,AMAT,2026-05-14,1,YES,"[""Yes"",""No""]","[1.0,0.0]",true,true,resolved,Will Applied Materials (AMAT) beat quarterly earnings?,amat-quarterly-earnings-nongaap-eps-05-14-2026-2pt67,2026-05-15T20:54:15.997859Z,e6143996fe5777a0b61dd6526e9f7d25b0c63174661b2c44a7f785df2c4836e6
657445,AMD|2025-11-04,AMD,2025-11-04,1,YES,"[""Yes"",""No""]","[1.0,0.0]",true,true,resolved,Will Advanced Micro Devices (AMD) beat quarterly earnings?,amd-quarterly-earnings-nongaap-eps-11-04-2025-1pt17,2026-02-03T03:13:43.514252Z,aa4eb0777cfc49e6c3d6f4f885fc70d437fecf6ab81c0a2c02286995c8da8c99
2044093,AMZN|2026-04-29,AMZN,2026-04-29,1,YES,"[""Yes"",""No""]","[1.0,0.0]",true,true,resolved,Will Amazon (AMZN) beat quarterly earnings?,amzn-quarterly-earnings-gaap-eps-04-29-2026-1pt65,2026-04-30T22:23:12.24335Z,f71cdb1fbdc4a6b973c84dc04ae943fe07ccf0898c795bcec5bccd6898f20f20
1403526,ANF|2026-03-04,ANF,2026-03-04,1,YES,"[""Yes"",""No""]","[1.0,0.0]",true,true,resolved,Will Abercrombie & Fitch (ANF) beat quarterly earnings?,anf-quarterly-earnings-gaap-eps-03-04-2026-3pt58,2026-03-05T16:25:54.239509Z,fe394dfb38d8a1abaaf15eb3fa189bca20b9e76c8a311d9d1545ad27095fb49b
2357805,ANF|2026-05-27,ANF,2026-05-27,1,YES,"[""Yes"",""No""]","[1.0,0.0]",true,true,resolved,Will Abercrombie & Fitch (ANF) beat quarterly earnings?,anf-quarterly-earnings-gaap-eps-05-27-2026-1pt27,2026-05-28T11:52:27.026583Z,cb6abc98e9a8184b37db5619528ca2d904eaee6373063be82bf80dfcd04e3eab
619984,APLD|2025-10-09,APLD,2025-10-09,1,YES,"[""Yes"",""No""]","[1.0,0.0]",true,true,resolved,Will Applied Digital (APLD) beat quarterly earnings?,apld-quarterly-earnings-nongaap-eps-2025-10-09-neg0pt16,2025-10-12T00:36:19.78673Z,4ac120580378ae9694b1e5bc9f8558397f9a7bcd966a690d44a7f1ce33af9922
1494785,ASO|2026-03-17,ASO,2026-03-17,0,NO,"[""Yes"",""No""]","[0.0,1.0]",true,true,resolved,Will Academy Sports and Outdoors (ASO) beat quarterly earnings?,aso-quarterly-earnings-nongaap-eps-03-17-2026-2pt05,2026-03-18T15:30:18.960421Z,f13d58a7afd9490cd809ef4521e47350d87d23fb92d690d50e343479af17c3c9
549606,AVGO|2025-06-05,AVGO,2025-06-05,1,YES,"[""Yes"",""No""]","[1.0,0.0]",true,true,resolved,Will Broadcom beat Q2 earnings forecast ($1.57 EPS)?,will-broadcom-beat-q2-earnings-estimate,2025-06-07T00:25:00.791406Z,8fac5637106672014a062544c20058d056133e502a6c182823b9dd5be4962566
627451,AXP|2025-10-17,AXP,2025-10-17,1,YES,"[""Yes"",""No""]","[1.0,0.0]",true,true,resolved,Will American Express (AXP) beat quarterly earnings?,axp-quarterly-earnings-gaap-eps-10-17-2025-4,2025-10-19T00:32:56.438915Z,e4f6f2b368629d055ca5a8eb12028971d030e309f0848067c508d98a47335dc1
1937066,AXP|2026-04-23,AXP,2026-04-23,1,YES,"[""Yes"",""No""]","[1.0,0.0]",true,true,resolved,Will American Express (AXP) beat quarterly earnings?,axp-quarterly-earnings-gaap-eps-04-23-2026-3pt99,2026-04-24T14:02:44.593898Z,95bff15790085e80fe26e606138e2e8b38b6c0eef3cbf173f271157374c6b044
2745655,BAC|2026-07-14,BAC,2026-07-14,1,YES,"[""Yes"",""No""]","[1.0,0.0]",true,true,resolved,Will Bank of America (BAC) beat quarterly earnings?,bac-quarterly-earnings-gaap-eps-07-14-2026-1pt11,2026-07-15T10:51:08.973479Z,cf85430d3fbe43bda1abdcceea9ba87e3536680b7e45e7d4a7fbb1a4ce6171d5
647505,BA|2025-10-29,BA,2025-10-29,0,NO,"[""Yes"",""No""]","[0.0,1.0]",true,true,resolved,Will Boeing (BA) beat quarterly earnings?,ba-quarterly-earnings-nongaap-eps-10-29-2025-neg2pt38,2026-02-03T01:45:09.256613Z,5b81e2d2af574a3fc0d1ffa5a0f7d4758820a07854ccd4728702f7eef0680e2c
675540,BBWI|2025-11-20,BBWI,2025-11-20,0,NO,"[""Yes"",""No""]","[0.0,1.0]",true,true,resolved,Will Bath & Body Works (BBWI) beat quarterly earnings?,bbwi-quarterly-earnings-nongaap-eps-11-20-2025-0pt4,2026-02-20T19:25:11.519234Z,8d9e736b99492f6df16c2a4664c8cad9d285960466500028dcc9775cca834f59
619556,BLK|2025-10-14,BLK,2025-10-14,0,NO,"[""Yes"",""No""]","[0.0,1.0]",true,true,resolved,Will BlackRock (BLK) beat quarterly earnings?,blk-quarterly-earnings-nongaap-eps-2025-10-14-11pt76,2026-02-03T17:08:32.895791Z,1f87bbd4419fb557aabd04608c4811c397ceb76cc4d55180728febc51ce1e34a
599915,BLSH|2025-09-17,BLSH,2025-09-17,1,YES,"[""Yes"",""No""]","[1.0,0.0]",true,true,resolved,Will Bullish (BLSH) beat its quarterly EPS estimate?,will-blsh-beat-earnings-estimate-2025-09-17-neg0pt04,2025-09-19T08:43:39.885817Z,7ea6133126b4fab8f87544ee6163e882c0d179faed2a704c348411ed049e4ce7
1399742,BOX|2026-03-03,BOX,2026-03-03,1,YES,"[""Yes"",""No""]","[1.0,0.0]",true,true,resolved,Will Box (BOX) beat quarterly earnings?,box-quarterly-earnings-nongaap-eps-03-03-2026-0pt34,2026-03-05T00:27:34.171808Z,249675eec52857c7c29e8bcfc1dd6565c8295c5bdb2d5ab733976c81d410b122
2357788,BRZE|2026-05-27,BRZE,2026-05-27,0,NO,"[""Yes"",""No""]","[0.0,1.0]",true,true,resolved,Will Braze (BRZE) beat quarterly earnings?,brze-quarterly-earnings-nongaap-eps-05-27-2026-0pt1,2026-05-28T22:32:46.844256Z,bea6144be26d64243dd3bda63c99da7ce854ba2b4a02e607f44578e867108c68
647852,BUD|2025-10-30,BUD,2025-10-30,1,YES,"[""Yes"",""No""]","[1.0,0.0]",true,true,resolved,Will Anheuser-Busch (BUD) beat quarterly earnings?,bud-quarterly-earnings-nongaap-eps-10-30-2025-0pt95,2026-02-03T01:50:15.524139Z,071192c7a95110a3f292587bdc553c9f2a724c69d14f7a0e2acedc91e3434cc5
701955,CASY|2025-12-09,CASY,2025-12-09,1,YES,"[""Yes"",""No""]","[1.0,0.0]",true,true,resolved,Will Casey's General Stores (CASY) beat quarterly earnings?,casy-quarterly-earnings-gaap-eps-12-09-2025-5pt2,2026-02-23T22:05:59.399849Z,18f31cb73a12227ee5279d73d853e748030d4909b5090f92d9341bef5529e2c7
1421510,CASY|2026-03-09,CASY,2026-03-09,1,YES,"[""Yes"",""No""]","[1.0,0.0]",true,true,resolved,Will Caseys General Stores (CASY) beat quarterly earnings?,casy-quarterly-earnings-gaap-eps-03-09-2026-2pt92,2026-03-10T22:17:45.593792Z,15ba6ea83aa6dd9df7ddfde0777fa39d892e20df1f4432e986f83d2caaea5c2b
1937070,CBRE|2026-04-23,CBRE,2026-04-23,1,YES,"[""Yes"",""No""]","[1.0,0.0]",true,true,resolved,Will CBRE Group (CBRE) beat quarterly earnings?,cbre-quarterly-earnings-nongaap-eps-04-23-2026-1pt12,2026-04-24T13:18:58.426407Z,dabf89b28a14b69cde94879f33f998afa1e095a7cb8282fad32a8bb71e3767ee
627454,CB|2025-10-21,CB,2025-10-21,1,YES,"[""Yes"",""No""]","[1.0,0.0]",true,true,resolved,Will Chubb (CB) beat quarterly earnings?,cb-quarterly-earnings-nongaap-eps-10-21-2025-5pt78,2025-10-23T00:34:17.698153Z,477ef3002c94fc168753e4ddc40e3c2e4b1d2130812f679393f733bbe29a9ca1
1321400,CHGG|2026-02-09,CHGG,2026-02-09,1,YES,"[""Yes"",""No""]","[1.0,0.0]",true,true,resolved,Will Chegg (CHGG) beat quarterly earnings?,chgg-quarterly-earnings-nongaap-eps-02-09-2026-neg0pt1,2026-02-11T00:23:24.208251Z,be3f8af2313211cb9de0298361d973518a4da41a6a851a0fd68f423c434d51ab
2387806,CHWY|2026-06-10,CHWY,2026-06-10,0,NO,"[""Yes"",""No""]","[0.0,1.0]",true,true,resolved,Will Chewy (CHWY) beat quarterly earnings?,chwy-quarterly-earnings-nongaap-eps-06-10-2026-0pt43,2026-06-11T12:34:45.640496Z,b80f6fa785d0be8ad55956f7fd4620b1954ffd603af0cfde3a3b71caf978725f
648376,CL|2025-10-31,CL,2025-10-31,1,YES,"[""Yes"",""No""]","[1.0,0.0]",true,true,resolved,Will Colgate-Palmolive (CL) beat quarterly earnings?,cl-quarterly-earnings-nongaap-eps-10-31-2025-0pt89,2026-02-03T03:05:08.812973Z,d815e117ca53bcb61f76e451fe5e4146e48a8712da46d63ae22d6fe5b1012975
1230454,CMG|2026-02-03,CMG,2026-02-03,1,YES,"[""Yes"",""No""]","[1.0,0.0]",true,true,resolved,Will Chipotle Mexican Grill Inc (CMG) beat quarterly earnings?,cmg-quarterly-earnings-nongaap-eps-02-03-2026-0pt24,2026-02-05T00:25:24.003718Z,b0a9d7b2cac86a0e117384bdbddd896eddb95f9316fb7acb7f2b344826dc67ff
1403853,COST|2026-03-05,COST,2026-03-05,1,YES,"[""Yes"",""No""]","[1.0,0.0]",true,true,resolved,Will Costco (COST) beat quarterly earnings?,cost-quarterly-earnings-gaap-eps-03-05-2026-4pt54,2026-03-06T23:50:26.270981Z,d4a45c4afe2b6da7fb3806aef3eeb1c86cbe56d24b8acd7790d89d80893ea39c
637869,COUR|2025-10-23,COUR,2025-10-23,1,YES,"[""Yes"",""No""]","[1.0,0.0]",true,true,resolved,Will Coursera (COUR) beat quarterly earnings?,cour-quarterly-earnings-nongaap-eps-10-23-2025-0pt08,2025-10-25T00:26:19.884184Z,d8720579c815d747133ed3bdd7708acb6bf935084cb6a67a4f7271fa1c39f15a
668460,CRCL|2025-11-12,CRCL,2025-11-12,1,YES,"[""Yes"",""No""]","[1.0,0.0]",true,true,resolved,Will Circle Internet Group (CRCL) beat quarterly earnings?,crcl-quarterly-earnings-gaap-eps-11-12-2025-0pt17,2026-02-03T16:45:31.434049Z,ce5f1f7a84b8595a2aa083b80ef5219706eca8079ef38c10acaf8b26972eff2b
2110078,CRCL|2026-05-11,CRCL,2026-05-11,1,YES,"[""Yes"",""No""]","[1.0,0.0]",true,true,resolved,Will Circle Internet (CRCL) beat quarterly earnings?,crcl-quarterly-earnings-gaap-eps-05-11-2026-0pt18,2026-05-12T11:43:05.363275Z,8a7755d593cf3d80b9f1923d74b354834baa2a0b788d328078b74fcc8825f140
697446,CRM|2025-12-03,CRM,2025-12-03,1,YES,"[""Yes"",""No""]","[1.0,0.0]",true,true,resolved,Will Salesforce (CRM) beat quarterly earnings?,crm-quarterly-earnings-nongaap-eps-12-03-2025-2pt86,2026-02-10T20:06:29.811591Z,e55d1a387d4a5a2fbd02880223341e6af5384be503dcd1f237b3d60734a26553
1287905,CSCO|2026-02-11,CSCO,2026-02-11,1,YES,"[""Yes"",""No""]","[1.0,0.0]",true,true,resolved,Will Cisco Systems (CSCO) beat quarterly earnings?,csco-quarterly-earnings-nongaap-eps-02-11-2026-1pt02,2026-02-13T00:23:29.393637Z,007de7810c7ac0ea7339e347df12b96e1cc064481494caca7f3de02309a95789
2110084,CSCO|2026-05-13,CSCO,2026-05-13,1,YES,"[""Yes"",""No""]","[1.0,0.0]",true,true,resolved,Will Cisco Systems (CSCO) beat quarterly earnings?,csco-quarterly-earnings-nongaap-eps-05-13-2026-1pt04,2026-05-14T22:20:51.692708Z,d3cf1b5c1cc5aa4be5cf63f34050a5ebed9899b4b30ebb0a86db5063698f5bdf
1362677,CSGP|2026-02-24,CSGP,2026-02-24,1,YES,"[""Yes"",""No""]","[1.0,0.0]",true,true,resolved,Will CoStar Group (CSGP) beat quarterly earnings?,csgp-quarterly-earnings-gaap-eps-02-24-2026-0pt06,2026-02-26T00:25:23.855981Z,b63e2b2221339df848178209ade1ede0160fa1eab4e27003bdc2c3525f746395
1735232,DAL|2026-04-08,DAL,2026-04-08,1,YES,"[""Yes"",""No""]","[1.0,0.0]",true,true,resolved,Will Delta Air Lines (DAL) beat quarterly earnings?,dal-quarterly-earnings-nongaap-eps-04-08-2026-0pt63,2026-04-09T14:12:54.775145Z,d951546f072aec6233a5c0a808f33ee1415367f499d18db452a7e5db461c86f8
657080,DBX|2025-11-06,DBX,2025-11-06,1,YES,"[""Yes"",""No""]","[1.0,0.0]",true,true,resolved,Will Dropbox (DBX) beat quarterly earnings?,dbx-quarterly-earnings-nongaap-eps-11-06-2025-0pt65,2026-02-05T14:35:07.892308Z,064080a72d1300aa509cb7da088245e27ffcd6eb4787c5a79d00ed9a597e02a4
1339807,DBX|2026-02-19,DBX,2026-02-19,1,YES,"[""Yes"",""No""]","[1.0,0.0]",true,true,resolved,Will Dropbox (DBX) beat quarterly earnings?,dbx-quarterly-earnings-nongaap-eps-02-19-2026-0pt67,2026-02-21T00:25:24.506418Z,4d455a9542cbaf36b30a20737c6365020a098819e438f206d3fb1a3b6a24ac59
2186409,DE|2026-05-21,DE,2026-05-21,1,YES,"[""Yes"",""No""]","[1.0,0.0]",true,true,resolved,Will Deere & Co (DE) beat quarterly earnings?,de-quarterly-earnings-gaap-eps-05-21-2026-5pt74,2026-05-22T10:46:42.191511Z,12f38702d256f03dbff88c113df01c181d7701ab7a542d00f7bafeaab5d03085
697463,DG|2025-12-04,DG,2025-12-04,1,YES,"[""Yes"",""No""]","[1.0,0.0]",true,true,resolved,Will Dollar General (DG) beat quarterly earnings?,dg-quarterly-earnings-gaap-eps-12-04-2025-0pt92,2026-02-25T15:32:09.046937Z,428a4c6b8efb84072a99bcd65792f5836b6514094ac67606113964c6706da541
2062054,DKNG|2026-05-07,DKNG,2026-05-07,1,YES,"[""Yes"",""No""]","[1.0,0.0]",true,true,resolved,Will Draftkings (DKNG) beat quarterly earnings?,dkng-quarterly-earnings-nongaap-eps-05-07-2026-0pt19,2026-05-08T21:28:31.723477Z,e64e7d066ca23fe2355e26047bab8680bb2896f3fdaf8a69627056465d304dbc
2335601,DOCU|2026-06-04,DOCU,2026-06-04,1,YES,"[""Yes"",""No""]","[1.0,0.0]",true,true,resolved,Will Docusign (DOCU) beat quarterly earnings?,docu-quarterly-earnings-nongaap-eps-06-04-2026-0pt99,2026-06-05T20:16:10.067853Z,2e08eeeb57365bdd7483a5ad7b40e0dace2a541ab4d446ccdf26800dd5eb93db
637870,DOW|2025-10-23,DOW,2025-10-23,1,YES,"[""Yes"",""No""]","[1.0,0.0]",true,true,resolved,Will Dow (DOW) beat quarterly earnings?,dow-quarterly-earnings-nongaap-eps-10-23-2025-neg0pt3,2025-10-24T16:31:58.211345Z,322f2d7df9e9eb34296dfca0a7199b8e3c738982ffc93351b33daf32bf2f9c50
2003520,DPZ|2026-04-27,DPZ,2026-04-27,0,NO,"[""Yes"",""No""]","[0.0,1.0]",true,true,resolved,Will Domino's Pizza (DPZ) beat quarterly earnings?,dpz-quarterly-earnings-gaap-eps-04-27-2026-4pt28,2026-04-28T10:50:33.783975Z,6a19d7afbe6a00218424f3ca6106ba016d3cfbf7542cab65eb1f1f26df6c5f79
2048148,EA|2026-05-05,EA,2026-05-05,1,YES,"[""Yes"",""No""]","[1.0,0.0]",true,true,resolved,Will Electronic Arts (EA) beat quarterly earnings?,ea-quarterly-earnings-gaap-eps-05-05-2026-1pt3,2026-05-06T23:03:53.363109Z,6d5129dfe0f10c2c4031b09bfb79c6b0519294df9b1d346ac927284e4a436d8c
1367585,EBAY|2026-02-18,EBAY,2026-02-18,1,YES,"[""Yes"",""No""]","[1.0,0.0]",true,true,resolved,Will eBay (EBAY) beat quarterly earnings?,ebay-quarterly-earnings-nongaap-eps-02-18-2026-1pt35,2026-02-20T00:27:26.492185Z,7709be284fbb88e480a7bc46debd2f67d5666a73560763a2b22743c6ea918e98
2003538,EBAY|2026-04-29,EBAY,2026-04-29,1,YES,"[""Yes"",""No""]","[1.0,0.0]",true,true,resolved,Will eBay (EBAY) beat quarterly earnings?,ebay-quarterly-earnings-nongaap-eps-04-29-2026-1pt58,2026-04-30T22:10:49.244708Z,4752cfe47f0b6657fadaf71f1d5d7c5d5a62880b9c9d47d9588db95dcecf16a7
1254013,EFX|2026-02-04,EFX,2026-02-04,1,YES,"[""Yes"",""No""]","[1.0,0.0]",true,true,resolved,Will Equifax Inc (EFX) beat quarterly earnings?,efx-quarterly-earnings-nongaap-eps-02-04-2026-2pt05,2026-02-05T16:25:21.987229Z,02797ac1f4e9552262d2a14562ad5ee608eeeb30fe4edeca2e9a04d013cd7ea7
2039914,EL|2026-05-01,EL,2026-05-01,1,YES,"[""Yes"",""No""]","[1.0,0.0]",true,true,resolved,Will Estee Lauder Companies (EL) beat quarterly earnings?,el-quarterly-earnings-nongaap-eps-05-01-2026-0pt65,2026-05-02T10:08:29.861174Z,73303a2fe53df254e29924598c0126be167b76593b06d08a80950e0d4c3c1e20
2110080,ETOR|2026-05-12,ETOR,2026-05-12,1,YES,"[""Yes"",""No""]","[1.0,0.0]",true,true,resolved,Will eToro (ETOR) beat quarterly earnings?,etor-quarterly-earnings-gaap-eps-05-12-2026-0pt67,2026-05-13T12:02:39.184561Z,ff4ec7e37f52a577294547f405dbb67eb82c51272a9fa73ae469596962019948
657007,EXPE|2025-11-06,EXPE,2025-11-06,1,YES,"[""Yes"",""No""]","[1.0,0.0]",true,true,resolved,Will Expedia Group (EXPE) beat quarterly earnings?,expe-quarterly-earnings-nongaap-eps-11-06-2025-7pt03,2026-02-03T14:46:33.946437Z,5421f736274b5ef9e21bb30c4b8e0e9df6b67a2298b14c6404ac04f37721cf57
656808,FIG|2025-11-05,FIG,2025-11-05,0,NO,"[""Yes"",""No""]","[0.0,1.0]",true,true,resolved,Will Figma (FIG) beat quarterly earnings?,fig-quarterly-earnings-gaap-eps-11-05-2025-neg2pt08,2026-02-03T14:38:44.673523Z,d2f52127696c2adc57d78790bfd822b5074084091f792309fcd99907333d4ec8
1237795,F|2026-02-10,F,2026-02-10,0,NO,"[""Yes"",""No""]","[0.0,1.0]",true,true,resolved,Will Ford Motor (F) beat quarterly earnings?,f-quarterly-earnings-nongaap-eps-02-04-2026-0pt18,2026-02-12T00:23:21.532399Z,53996c5d5c4475d115b79aaca2e763bdccec65bdbd4587a023900732cbeb85cd
668512,GAMB|2025-11-13,GAMB,2025-11-13,1,YES,"[""Yes"",""No""]","[1.0,0.0]",true,true,resolved,Will Gambling.com Group (GAMB) beat quarterly earnings?,gamb-quarterly-earnings-nongaap-eps-11-13-2025-0pt16,2026-02-25T15:30:06.123784Z,8016cf086a61883528b826b0442c68dd75dd040cdd5971338b587828040e68de
620069,GBCI|2025-10-16,GBCI,2025-10-16,0,NO,"[""Yes"",""No""]","[0.0,1.0]",true,true,resolved,Will Glacier Bancorp (GBCI) beat quarterly earnings?,gbci-quarterly-earnings-gaap-eps-2025-10-16-0pt61,2025-10-18T16:28:11.953563Z,89473934d2d6f088ae80813b05f6c34c3ae5fc315a1cfa7f653c7b74c21f3cfc
1921506,GD|2026-04-29,GD,2026-04-29,1,YES,"[""Yes"",""No""]","[1.0,0.0]",true,true,resolved,Will General Dynamics (GD) beat quarterly earnings?,gd-quarterly-earnings-gaap-eps-04-22-2026-3pt67,2026-04-30T12:20:21.670482Z,2abde53d453a62ba25359be86e0a8bb66ae3d7b38ca756a4bb1b0fa146443397
1499778,GIS|2026-03-18,GIS,2026-03-18,0,NO,"[""Yes"",""No""]","[0.0,1.0]",true,true,resolved,Will General Mills (GIS) beat quarterly earnings?,gis-quarterly-earnings-nongaap-eps-03-18-2026-0pt73,2026-03-19T14:19:50.445199Z,da920050bd6c3fdc5f15d828d0951b7eba9e17075adb1b712df0b473e1652ff7
2039915,GRAB|2026-05-04,GRAB,2026-05-04,0,NO,"[""Yes"",""No""]","[0.0,1.0]",true,true,resolved,Will Grab Holdings (GRAB) beat quarterly earnings?,grab-quarterly-earnings-gaap-eps-05-04-2026-0pt02,2026-05-05T22:18:22.778922Z,b6978840e63aa89022cb5655efa7ba6c3bfba55321aea1d3118af11ec958e638
637876,HAS|2025-10-23,HAS,2025-10-23,1,YES,"[""Yes"",""No""]","[1.0,0.0]",true,true,resolved,Will Hasbro (HAS) beat quarterly earnings?,has-quarterly-earnings-nongaap-eps-10-23-2025-1pt63,2025-10-24T16:31:57.255275Z,1c55541cabb750cc153059814316ed7bcb6e1033d35330855f99452f88d2d275
2039918,HESM|2026-05-04,HESM,2026-05-04,1,YES,"[""Yes"",""No""]","[1.0,0.0]",true,true,resolved,Will Hess Midstream (HESM) beat quarterly earnings?,hesm-quarterly-earnings-gaap-eps-05-04-2026-0pt65,2026-05-05T14:28:14.543491Z,6ed7f3ed105f5edd7f0b9df3b9802d933a37669bf2d8cb6d3304173f00394644
637875,HOG|2025-11-04,HOG,2025-11-04,1,YES,"[""Yes"",""No""]","[1.0,0.0]",true,true,resolved,Will Harley-Davidson (HOG) beat quarterly earnings?,hog-quarterly-earnings-gaap-eps-11-4-2025-1pt7,2026-02-03T03:12:36.172182Z,df4053a9328e07deea146180da606b1d2215a4a28a7124278ec695e4cd2b826b
1238101,HOG|2026-02-10,HOG,2026-02-10,0,NO,"[""Yes"",""No""]","[0.0,1.0]",true,true,resolved,Will Harley-Davidson (HOG) beat quarterly earnings?,hog-quarterly-earnings-gaap-eps-02-04-2026-neg1pt06,2026-02-11T16:23:25.906991Z,a8e50d429bc4553938fdc2fc1c94d3fcd94f0e697e8407a5c02771cfcb078224
2003539,HUM|2026-04-29,HUM,2026-04-29,1,YES,"[""Yes"",""No""]","[1.0,0.0]",true,true,resolved,Will Humana (HUM) beat quarterly earnings?,hum-quarterly-earnings-nongaap-eps-04-29-2026-10pt26,2026-04-30T10:56:36.95453Z,c48dfc02f7b4700f9533088f30a1381d4268484d2887364cf74e05f0fe01cc0f
2003563,H|2026-04-30,H,2026-04-30,1,YES,"[""Yes"",""No""]","[1.0,0.0]",true,true,resolved,Will Hyatt Hotels (H) beat quarterly earnings?,h-quarterly-earnings-nongaap-eps-04-30-2026-0pt58,2026-05-01T13:08:33.505686Z,10081a14d022f59e80d7179d9176efeec151194cab6a598d7e19bba23b3dbf5c
1244920,IBM|2026-01-28,IBM,2026-01-28,1,YES,"[""Yes"",""No""]","[1.0,0.0]",true,true,resolved,Will International Business Machines (IBM) beat quarterly earnings?,ibm-quarterly-earnings-nongaap-eps-01-28-2026-4pt29,2026-01-30T16:23:53.578032Z,fbd78f35311a9f5ee3a18cc1f3d84ef6e054a87432bfe6ca8ae555446837848d
2186408,INTU|2026-05-20,INTU,2026-05-20,1,YES,"[""Yes"",""No""]","[1.0,0.0]",true,true,resolved,Will Intuit (INTU) beat quarterly earnings?,intu-quarterly-earnings-nongaap-eps-05-20-2026-12pt52,2026-05-21T20:17:37.886002Z,cbea520f07366586c036fc4e812681998185850f655c0662e59c99eadbf15aaf
2335543,IOT|2026-06-04,IOT,2026-06-04,1,YES,"[""Yes"",""No""]","[1.0,0.0]",true,true,resolved,Will Samsara (IOT) beat quarterly earnings?,iot-quarterly-earnings-nongaap-eps-06-04-2026-0pt13,2026-06-05T21:25:24.869443Z,3306b5a08c98f0c243708f31d84045201f22ae59859309119d714cfd1ea38446
1986795,IVZ|2026-04-28,IVZ,2026-04-28,0,NO,"[""Yes"",""No""]","[0.0,1.0]",true,true,resolved,Will Invesco (IVZ) beat quarterly earnings?,ivz-quarterly-earnings-nongaap-eps-04-28-2026-0pt58,2026-04-29T12:54:58.504207Z,b2b66424e7f1397a16f16d061f8b466e7ffa482a6aaa38db548772236f7c908e
643022,JBLU|2025-10-28,JBLU,2025-10-28,1,YES,"[""Yes"",""No""]","[1.0,0.0]",true,true,resolved,Will JetBlue Airways (JBLU) beat quarterly earnings?,jblu-quarterly-earnings-nongaap-eps-10-28-2025-neg0pt42,2026-02-03T01:39:33.735306Z,d4f81869cecb8ef6bee26063b0d0f3787abfa28125e05c54d236ace8e5e3852e
598111,JBL|2025-09-25,JBL,2025-09-25,1,YES,"[""Yes"",""No""]","[1.0,0.0]",true,true,resolved,Will Jabil (JBL) beat its quarterly EPS estimate?,will-jbl-beat-earnings-estimate-2025-09-25-2pt9,2025-09-27T08:44:27.765771Z,139e347a7bdb5738dd4e89dd12c75a68c6d3838a0be1a8fd2ffd271b868aa990
2775485,JNJ|2026-07-15,JNJ,2026-07-15,1,YES,"[""Yes"",""No""]","[1.0,0.0]",true,true,resolved,Will Johnson & Johnson (JNJ) beat quarterly earnings?,jnj-quarterly-earnings-nongaap-eps-07-15-2026-2pt85,2026-07-16T10:27:07.708357Z,af5eeffb128ec3729cc8d334a763c99031474bd2da42fe816c51ef9911fa35fb
647818,KHC|2025-10-29,KHC,2025-10-29,1,YES,"[""Yes"",""No""]","[1.0,0.0]",true,true,resolved,Will Kraft Heinz (KHC) beat quarterly earnings?,khc-quarterly-earnings-nongaap-eps-10-29-2025-0pt58,2026-02-03T16:31:18.611343Z,2416db7f7800d22ec2cb0deb1da0613b579e1d0b380749a09d918118206c3aad
1321183,KKR|2026-02-05,KKR,2026-02-05,0,NO,"[""Yes"",""No""]","[0.0,1.0]",true,true,resolved,Will KKR & Co (KKR) beat quarterly earnings?,kkr-quarterly-earnings-nongaap-eps-02-05-2026-1pt14,2026-02-06T16:25:17.153377Z,fadf818d23dae583cd7656e38cca35a8a302eb0d728838f64c34ed54daad470e
1986797,KO|2026-04-28,KO,2026-04-28,1,YES,"[""Yes"",""No""]","[1.0,0.0]",true,true,resolved,Will Coca-Cola (KO) beat quarterly earnings?,ko-quarterly-earnings-nongaap-eps-04-28-2026-0pt81,2026-04-29T13:07:06.758925Z,baa16017946ea9826f49265b8839318ab8a4526d0bee47cbc4b644b78b40e6f0
1280186,MAR|2026-02-10,MAR,2026-02-10,0,NO,"[""Yes"",""No""]","[0.0,1.0]",true,true,resolved,Will Marriott International (MAR) beat quarterly earnings?,mar-quarterly-earnings-nongaap-eps-02-10-2026-2pt62,2026-02-11T16:23:25.606464Z,9b7161caedcd6b98996b218dcbfebe3ec2ec0ec7efe914e3fcb0edc66d32316a
627652,MAT|2025-10-21,MAT,2025-10-21,0,NO,"[""Yes"",""No""]","[0.0,1.0]",true,true,resolved,Will Mattel (MAT) beat quarterly earnings?,mat-quarterly-earnings-nongaap-eps-10-21-2025-1pt07,2025-10-23T08:32:42.676076Z,e58e25a75507c964cd47d7f563b86fabdfa13d1499c4dde3d5a15c8c582a983d
2866596,MBWM|2026-07-21,MBWM,2026-07-21,1,YES,"[""Yes"",""No""]","[1.0,0.0]",true,true,resolved,Will Mercantile Bank (MBWM) beat quarterly earnings?,mbwm-quarterly-earnings-gaap-eps-07-21-2026-1pt32,2026-07-22T09:35:46.619858Z,01765b005d14e81d594f554cf6f97baec8f5425be042dc7bc07c1a4bf8f7684b
655443,MET|2025-11-05,MET,2025-11-05,1,YES,"[""Yes"",""No""]","[1.0,0.0]",true,true,resolved,Will MetLife (MET) beat quarterly earnings?,met-quarterly-earnings-nongaap-eps-11-05-2025-2pt32,2026-02-03T14:12:01.887485Z,730be664535171880047ce1fb5f4aa32a3106786fc97d4de664cb74d1754f7d9
1139951,MKC|2026-01-22,MKC,2026-01-22,0,NO,"[""Yes"",""No""]","[0.0,1.0]",true,true,resolved,Will McCormick & Company (MKC) beat quarterly earnings?,mkc-quarterly-earnings-nongaap-eps-01-22-2026-0pt88,2026-03-10T23:28:04.265778Z,922813c4f4efe98ac6ded03ab8ec8a8d54b78b7d82f5555d723960da1faf1b0c
657079,MRNA|2025-11-06,MRNA,2025-11-06,1,YES,"[""Yes"",""No""]","[1.0,0.0]",true,true,resolved,Will Moderna (MRNA) beat quarterly earnings?,mrna-quarterly-earnings-gaap-eps-11-06-2025-neg2pt18,2026-02-03T15:44:55.281689Z,977d46dbdb65932f29dc9d1dc3705ba3ce0b31f2b547ccc028cb4ccea3489753
2775497,MTB|2026-07-15,MTB,2026-07-15,1,YES,"[""Yes"",""No""]","[1.0,0.0]",true,true,resolved,Will M&T Bank (MTB) beat quarterly earnings?,mtb-quarterly-earnings-gaap-eps-07-15-2026-4pt66,2026-07-16T10:00:53.265611Z,a545435d4d78807eb630774fbddc9fb266316732dc36eeec12eb3bd100054558
2387793,MTN|2026-06-08,MTN,2026-06-08,0,NO,"[""Yes"",""No""]","[0.0,1.0]",true,true,resolved,Will Vail Resorts (MTN) beat quarterly earnings?,mtn-quarterly-earnings-gaap-eps-06-08-2026-9pt00,2026-06-09T21:01:43.845013Z,60b0f527971d51990c1eaef6f989e5886ab58107bbdb48957529583b8d49b054
675504,NVDA|2025-11-19,NVDA,2025-11-19,1,YES,"[""Yes"",""No""]","[1.0,0.0]",true,true,resolved,Will NVIDIA (NVDA) beat quarterly earnings?,nvda-quarterly-earnings-nongaap-eps-11-19-2025-1pt25,2026-02-10T19:20:04.677771Z,217eb078067fd5c1729cbdb6fdbffed2aabbb38ca67f5548b6a75b39e7f7da1f
2048140,NVTS|2026-05-05,NVTS,2026-05-05,1,YES,"[""Yes"",""No""]","[1.0,0.0]",true,true,resolved,Will Navitas Semiconductor (NVTS) beat quarterly earnings?,nvts-quarterly-earnings-nongaap-eps-05-05-2026-neg0pt05,2026-05-06T21:10:38.966344Z,6de67e291a78c7687c9347e2e69bd03ee0c4bf3d64bd07d1b50bb20b9cfaf6ad
657065,NWSA|2025-11-06,NWSA,2025-11-06,1,YES,"[""Yes"",""No""]","[1.0,0.0]",true,true,resolved,Will News Corp (NWSA) beat quarterly earnings?,nwsa-quarterly-earnings-nongaap-eps-11-06-2025-0pt19,2026-02-03T16:46:28.9543Z,c118ba1d15f8d8c437f6c35ab0662ac2aab5bea58f33000eb652e6ad9aaec03f
1293041,PAG|2026-02-11,PAG,2026-02-11,0,NO,"[""Yes"",""No""]","[0.0,1.0]",true,true,resolved,Will Penske Automotive Group (PAG) beat quarterly earnings?,pag-quarterly-earnings-gaap-eps-02-11-2026-3pt02,2026-02-13T00:23:33.162112Z,a2463d746cba579b11e60588801fbfe5b87ade3c6cdecc640676a09d1f1afcd7
2312767,PANW|2026-06-02,PANW,2026-06-02,1,YES,"[""Yes"",""No""]","[1.0,0.0]",true,true,resolved,Will Palo Alto Networks (PANW) beat quarterly earnings?,panw-quarterly-earnings-nongaap-eps-06-02-2026-0pt8,2026-06-03T21:55:59.214819Z,975eeda6540a1fba63275b149571d3b757bdb848dfde7f717d9e12746e4e25be
1555635,PAYX|2026-03-25,PAYX,2026-03-25,1,YES,"[""Yes"",""No""]","[1.0,0.0]",true,true,resolved,Will Paychex (PAYX) beat quarterly earnings?,payx-quarterly-earnings-nongaap-eps-03-25-2026-1pt67,2026-03-26T14:33:42.77513Z,dadff94057328e331fd34b4a831f37032b613f624e72b45c9698b6f7f46d8936
613050,PEP|2025-10-09,PEP,2025-10-09,1,YES,"[""Yes"",""No""]","[1.0,0.0]",true,true,resolved,Will PepsiCo (PEP) beat quarterly earnings?,pep-quarterly-earnings-nongaap-eps-2025-10-09-2pt26,2025-10-10T16:39:21.074308Z,b868719aff128d2242b696ce2d6c861c16f972f72744f6ed44b63f53c14dedfc
2700674,PEP|2026-07-09,PEP,2026-07-09,0,NO,"[""Yes"",""No""]","[0.0,1.0]",true,true,resolved,Will PepsiCo (PEP) beat quarterly earnings?,pep-quarterly-earnings-nongaap-eps-07-09-2026-2pt21,2026-07-10T11:00:17.307697Z,aa8919d0692d47c9c02fc483527f89a3d1331e781d2bea19c912cde21bcc5cda
675497,POWL|2025-11-18,POWL,2025-11-18,1,YES,"[""Yes"",""No""]","[1.0,0.0]",true,true,resolved,Will Powell Industries (POWL) beat quarterly earnings?,powl-quarterly-earnings-gaap-eps-11-18-2025-3pt76,2026-02-03T16:49:25.837402Z,59a0457897af4ff84ca68930f4b16dc7722a050d96774ecc8674cfa0d02b067d
2941073,PYPL|2026-07-28,PYPL,2026-07-28,1,YES,"[""Yes"",""No""]","[1.0,0.0]",true,true,resolved,Will PayPal (PYPL) beat quarterly earnings?,pypl-quarterly-earnings-nongaap-eps-07-28-2026-1pt28,2026-07-29T12:04:45.68651Z,a63676fea7255b3b9ca69427e2493b9d64bd86e351c1a46d740b91a74a9953c0
1238099,QCOM|2026-02-04,QCOM,2026-02-04,1,YES,"[""Yes"",""No""]","[1.0,0.0]",true,true,resolved,Will Qualcomm (QCOM) beat quarterly earnings?,qcom-quarterly-earnings-nongaap-eps-02-04-2026-3pt39,2026-02-06T00:25:16.661208Z,3de6a01d13120519bb722292863ff16032f4b99ee95ae40a8098292ad6d2f0cc
1268878,RDDT|2026-02-05,RDDT,2026-02-05,1,YES,"[""Yes"",""No""]","[1.0,0.0]",true,true,resolved,Will Reddit (RDDT) beat quarterly earnings?,rddt-quarterly-earnings-gaap-eps-02-05-2026-0pt93,2026-02-07T00:25:23.946989Z,9e64b1a2fdde01db759b903f1441b5f1e899e84d3f364ca8fc06a5657b273518
1369645,RKLB|2026-02-26,RKLB,2026-02-26,1,YES,"[""Yes"",""No""]","[1.0,0.0]",true,true,resolved,Will Rocket Lab (RKLB) beat quarterly earnings?,rklb-quarterly-earnings-gaap-eps-02-26-2026-neg0pt1,2026-02-28T00:27:26.669045Z,6188979d6edaf677369f089490bed29006f5c3716871984e82e089515ee5a3f5
643045,SBUX|2025-10-29,SBUX,2025-10-29,0,NO,"[""Yes"",""No""]","[0.0,1.0]",true,true,resolved,Will Starbucks (SBUX) beat quarterly earnings?,sbux-quarterly-earnings-gaap-eps-10-29-2025-0pt51,2026-02-03T01:43:25.760232Z,35e93cee4c43323795cd037da1cd13699c582b589d1f503cdfef7fe47a3f2281
658498,SG|2025-11-06,SG,2025-11-06,0,NO,"[""Yes"",""No""]","[0.0,1.0]",true,true,resolved,Will Sweetgreen (SG) beat quarterly earnings?,sg-quarterly-earnings-gaap-eps-11-06-2025-neg0pt17,2026-02-12T14:54:03.63008Z,a26886bcf57df29a692de75827829cff09446c98f1a05289a040c8c46566237e
1369670,SHAK|2026-02-26,SHAK,2026-02-26,1,YES,"[""Yes"",""No""]","[1.0,0.0]",true,true,resolved,Will Shake Shack (SHAK) beat quarterly earnings?,shak-quarterly-earnings-nongaap-eps-02-26-2026-0pt35,2026-02-27T16:25:42.504058Z,3bd2d9e7ae57d1ca47b8abc54debb8e2174731979081a0d311a96d6bcc99e1c5
656785,SONO|2025-11-05,SONO,2025-11-05,0,NO,"[""Yes"",""No""]","[0.0,1.0]",true,true,resolved,Will Sonos (SONO) beat quarterly earnings?,sono-quarterly-earnings-nongaap-eps-11-05-2025-0pt05,2026-02-03T14:39:10.727771Z,a1afbb6d4c95eb10398cbe90bf88cc717c389cc53c9e079bf0a6cfa24ba06ebf
642124,TDOC|2025-10-29,TDOC,2025-10-29,0,NO,"[""Yes"",""No""]","[0.0,1.0]",true,true,resolved,Will Teladoc Health (TDOC) beat quarterly earnings?,tdoc-quarterly-earnings-gaap-eps-10-29-2025-neg0pt26,2026-02-03T01:42:43.733688Z,703a8befc22a543f85892f213f67cb72f72b51c117c0b05d4d5a89a081b4f38c
1125126,TFC|2026-01-21,TFC,2026-01-21,1,YES,"[""Yes"",""No""]","[1.0,0.0]",true,true,resolved,Will Truist Financial (TFC) beat quarterly earnings?,tfc-quarterly-earnings-nongaap-eps-01-21-2026-1pt1,2026-02-03T17:07:37.976868Z,68c14cd14973874ba613a12347d42992b598ce65edc21bff096afda5b28d7ab3
675507,TGT|2025-11-19,TGT,2025-11-19,1,YES,"[""Yes"",""No""]","[1.0,0.0]",true,true,resolved,Will Target (TGT) beat quarterly earnings?,tgt-quarterly-earnings-nongaap-eps-11-19-2025-1pt73,2025-11-20T16:28:50.35423Z,1b0685d6856f3675626f0f1ffe07b46a9eaeadd312bddc7565d8c7e2605223a3
658487,UAA|2025-11-06,UAA,2025-11-06,1,YES,"[""Yes"",""No""]","[1.0,0.0]",true,true,resolved,Will Under Armour (UAA) beat quarterly earnings?,uaa-quarterly-earnings-nongaap-eps-11-06-2025-0pt02,2026-02-03T16:47:27.473194Z,4d9565c19940bdb22392559e8ba924c19a114cf32c675fa21363b7ed13b40a80
2062032,UBER|2026-05-06,UBER,2026-05-06,0,NO,"[""Yes"",""No""]","[0.0,1.0]",true,true,resolved,Will Uber (UBER) beat quarterly earnings?,uber-quarterly-earnings-gaap-eps-05-06-2026-0pt71,2026-05-07T12:37:58.710772Z,0be5cd4dc97e9cf310ede21eb41d12c008f34259357b8733711320fe9a23f1dc
696263,UNFI|2025-12-02,UNFI,2025-12-02,1,YES,"[""Yes"",""No""]","[1.0,0.0]",true,true,resolved,Will United Natural Foods (UNFI) beat quarterly earnings?,unfi-quarterly-earnings-nongaap-eps-12-02-2025-0pt4,2026-02-23T22:24:02.420153Z,c5d427bdfd792af97131993eec71671fd71a80c2d488cb8e6663f0cd52add048
1421646,UNFI|2026-03-10,UNFI,2026-03-10,1,YES,"[""Yes"",""No""]","[1.0,0.0]",true,true,resolved,Will United Natural Foods (UNFI) beat quarterly earnings?,unfi-quarterly-earnings-nongaap-eps-03-10-2026-0pt51,2026-03-11T13:07:29.913201Z,406fb89a66249fece16a769777619bb0e822eb8e91391158383fed3dff5cf162
1175892,UNP|2026-01-27,UNP,2026-01-27,1,YES,"[""Yes"",""No""]","[1.0,0.0]",true,true,resolved,Will Union Pacific (UNP) beat quarterly earnings?,unp-quarterly-earnings-gaap-eps-01-27-2026-2pt87,2026-02-03T17:11:21.237435Z,8795afc00d0b69a4f5be1439a430abcf7481746070859e82e9686c641d06b6b1
1891432,USB|2026-04-16,USB,2026-04-16,1,YES,"[""Yes"",""No""]","[1.0,0.0]",true,true,resolved,Will US Bancorp (USB) beat quarterly earnings?,usb-quarterly-earnings-gaap-eps-04-16-2026-1pt14,2026-04-17T12:55:30.279468Z,9db3fa366f33a9e52a5153f4612eff252ef54465871f2c800dcff556d87fe143
2003526,VIRT|2026-04-29,VIRT,2026-04-29,1,YES,"[""Yes"",""No""]","[1.0,0.0]",true,true,resolved,Will Virtu Financial (VIRT) beat quarterly earnings?,virt-quarterly-earnings-nongaap-eps-04-29-2026-1pt6,2026-04-30T11:16:35.035484Z,4f07cbd5c30de9069a31b5db1da5d2d0856a4fb4c963cda9c5e0688dc7cfe1bd
2910387,VZ|2026-07-24,VZ,2026-07-24,1,YES,"[""Yes"",""No""]","[1.0,0.0]",true,true,resolved,Will Verizon Communications (VZ) beat quarterly earnings?,vz-quarterly-earnings-nongaap-eps-07-24-2026-1pt27,2026-07-25T11:15:16.773809Z,96d7db3ae0d5c8b3619ebff9b3e56e683becd64c20da9315f7b062e788aa4dc8
1244935,V|2026-01-29,V,2026-01-29,1,YES,"[""Yes"",""No""]","[1.0,0.0]",true,true,resolved,Will Visa (V) beat quarterly earnings?,v-quarterly-earnings-nongaap-eps-01-29-2026-3pt14,2026-01-31T08:25:16.109936Z,ad980f6647dfc3fa700a27b65d04ea09cf8d175adbae9ff20cb203b10157fa42
1486791,WB|2026-03-18,WB,2026-03-18,0,NO,"[""Yes"",""No""]","[0.0,1.0]",true,true,resolved,Will Weibo (WB) beat quarterly earnings?,wb-quarterly-earnings-nongaap-eps-03-18-2026-0pt32,2026-03-19T12:40:11.930216Z,57bd40c5bd02a6e4994d689023733b0769b3ef1abcde60d327a8f83dc74640a0
2039917,WMB|2026-05-04,WMB,2026-05-04,1,YES,"[""Yes"",""No""]","[1.0,0.0]",true,true,resolved,Will Williams Companies (WMB) beat quarterly earnings?,wmb-quarterly-earnings-nongaap-eps-05-04-2026-0pt63,2026-05-05T20:36:55.897737Z,239e6e964ec191a84b34e2336106994d34774cbc1799871be9bc387e842d52da
1339788,WMT|2026-02-19,WMT,2026-02-19,1,YES,"[""Yes"",""No""]","[1.0,0.0]",true,true,resolved,Will Walmart (WMT) beat quarterly earnings?,wmt-quarterly-earnings-nongaap-eps-02-19-2026-0pt72,2026-02-20T16:25:31.491524Z,20f7c59f080d3cd00563643756bfd590cab00ccaea948b2af3fb44ab97f44824
1369646,WRBY|2026-02-26,WRBY,2026-02-26,0,NO,"[""Yes"",""No""]","[0.0,1.0]",true,true,resolved,Will Warby Parker (WRBY) beat quarterly earnings?,wrby-quarterly-earnings-gaap-eps-02-26-2026-0pt02,2026-02-27T16:25:42.287403Z,2cafa39edd9810a3f6f90d91587fb53616f5f1001c0e90c2203440a150106202
2062068,WRBY|2026-05-07,WRBY,2026-05-07,0,NO,"[""Yes"",""No""]","[0.0,1.0]",true,true,resolved,Will Warby Parker (WRBY) beat quarterly earnings?,wrby-quarterly-earnings-gaap-eps-05-07-2026-0pt05,2026-05-08T12:49:57.499449Z,b1520d3ba46534169181c4a71b4f2c7f07d60e25c84b2cc62f5dee58928c6bd7
