market_id,event_key,ticker,company_event_date,safe_cutoff_utc
549606,AVGO|2025-06-05,AVGO,2025-06-05,2025-06-04T20:00:00Z
599915,BLSH|2025-09-17,BLSH,2025-09-17,2025-09-16T20:00:00Z
598111,JBL|2025-09-25,JBL,2025-09-25,2025-09-24T20:00:00Z
619984,APLD|2025-10-09,APLD,2025-10-09,2025-10-08T20:00:00Z
613050,PEP|2025-10-09,PEP,2025-10-09,2025-10-08T20:00:00Z
619556,BLK|2025-10-14,BLK,2025-10-14,2025-10-13T20:00:00Z
620069,GBCI|2025-10-16,GBCI,2025-10-16,2025-10-15T20:00:00Z
627451,AXP|2025-10-17,AXP,2025-10-17,2025-10-16T20:00:00Z
627454,CB|2025-10-21,CB,2025-10-21,2025-10-20T20:00:00Z
627652,MAT|2025-10-21,MAT,2025-10-21,2025-10-20T20:00:00Z
637869,COUR|2025-10-23,COUR,2025-10-23,2025-10-22T20:00:00Z
637870,DOW|2025-10-23,DOW,2025-10-23,2025-10-22T20:00:00Z
637876,HAS|2025-10-23,HAS,2025-10-23,2025-10-22T20:00:00Z
643022,JBLU|2025-10-28,JBLU,2025-10-28,2025-10-27T20:00:00Z
647505,BA|2025-10-29,BA,2025-10-29,2025-10-28T20:00:00Z
647818,KHC|2025-10-29,KHC,2025-10-29,2025-10-28T20:00:00Z
643045,SBUX|2025-10-29,SBUX,2025-10-29,2025-10-28T20:00:00Z
642124,TDOC|2025-10-29,TDOC,2025-10-29,2025-10-28T20:00:00Z
647852,BUD|2025-10-30,BUD,2025-10-30,2025-10-29T20:00:00Z
648376,CL|2025-10-31,CL,2025-10-31,2025-10-30T20:00:00Z
657445,AMD|2025-11-04,AMD,2025-11-04,2025-11-03T21:00:00Z
637875,HOG|2025-11-04,HOG,2025-11-04,2025-11-03T21:00:00Z
656808,FIG|2025-11-05,FIG,2025-11-05,2025-11-04T21:00:00Z
655443,MET|2025-11-05,MET,2025-11-05,2025-11-04T21:00:00Z
656785,SONO|2025-11-05,SONO,2025-11-05,2025-11-04T21:00:00Z
657080,DBX|2025-11-06,DBX,2025-11-06,2025-11-05T21:00:00Z
657007,EXPE|2025-11-06,EXPE,2025-11-06,2025-11-05T21:00:00Z
657079,MRNA|2025-11-06,MRNA,2025-11-06,2025-11-05T21:00:00Z
657065,NWSA|2025-11-06,NWSA,2025-11-06,2025-11-05T21:00:00Z
658498,SG|2025-11-06,SG,2025-11-06,2025-11-05T21:00:00Z
658487,UAA|2025-11-06,UAA,2025-11-06,2025-11-05T21:00:00Z
668460,CRCL|2025-11-12,CRCL,2025-11-12,2025-11-11T21:00:00Z
668512,GAMB|2025-11-13,GAMB,2025-11-13,2025-11-12T21:00:00Z
675008,ACM|2025-11-18,ACM,2025-11-18,2025-11-17T21:00:00Z
675497,POWL|2025-11-18,POWL,2025-11-18,2025-11-17T21:00:00Z
675504,NVDA|2025-11-19,NVDA,2025-11-19,2025-11-18T21:00:00Z
675507,TGT|2025-11-19,TGT,2025-11-19,2025-11-18T21:00:00Z
675540,BBWI|2025-11-20,BBWI,2025-11-20,2025-11-19T21:00:00Z
696263,UNFI|2025-12-02,UNFI,2025-12-02,2025-12-01T21:00:00Z
697446,CRM|2025-12-03,CRM,2025-12-03,2025-12-02T21:00:00Z
697463,DG|2025-12-04,DG,2025-12-04,2025-12-03T21:00:00Z
701955,CASY|2025-12-09,CASY,2025-12-09,2025-12-08T21:00:00Z
1125126,TFC|2026-01-21,TFC,2026-01-21,2026-01-20T21:00:00Z
1139951,MKC|2026-01-22,MKC,2026-01-22,2026-01-21T21:00:00Z
1175892,UNP|2026-01-27,UNP,2026-01-27,2026-01-26T21:00:00Z
1244920,IBM|2026-01-28,IBM,2026-01-28,2026-01-27T21:00:00Z
1244935,V|2026-01-29,V,2026-01-29,2026-01-28T21:00:00Z
1230454,CMG|2026-02-03,CMG,2026-02-03,2026-02-02T21:00:00Z
1254013,EFX|2026-02-04,EFX,2026-02-04,2026-02-03T21:00:00Z
1238099,QCOM|2026-02-04,QCOM,2026-02-04,2026-02-03T21:00:00Z
1321183,KKR|2026-02-05,KKR,2026-02-05,2026-02-04T21:00:00Z
1268878,RDDT|2026-02-05,RDDT,2026-02-05,2026-02-04T21:00:00Z
1321400,CHGG|2026-02-09,CHGG,2026-02-09,2026-02-06T21:00:00Z
1237795,F|2026-02-10,F,2026-02-10,2026-02-09T21:00:00Z
1238101,HOG|2026-02-10,HOG,2026-02-10,2026-02-09T21:00:00Z
1280186,MAR|2026-02-10,MAR,2026-02-10,2026-02-09T21:00:00Z
1287905,CSCO|2026-02-11,CSCO,2026-02-11,2026-02-10T21:00:00Z
1293041,PAG|2026-02-11,PAG,2026-02-11,2026-02-10T21:00:00Z
1367585,EBAY|2026-02-18,EBAY,2026-02-18,2026-02-17T21:00:00Z
1339807,DBX|2026-02-19,DBX,2026-02-19,2026-02-18T21:00:00Z
1339788,WMT|2026-02-19,WMT,2026-02-19,2026-02-18T21:00:00Z
1362677,CSGP|2026-02-24,CSGP,2026-02-24,2026-02-23T21:00:00Z
1369645,RKLB|2026-02-26,RKLB,2026-02-26,2026-02-25T21:00:00Z
1369670,SHAK|2026-02-26,SHAK,2026-02-26,2026-02-25T21:00:00Z
1369646,WRBY|2026-02-26,WRBY,2026-02-26,2026-02-25T21:00:00Z
1399742,BOX|2026-03-03,BOX,2026-03-03,2026-03-02T21:00:00Z
1403526,ANF|2026-03-04,ANF,2026-03-04,2026-03-03T21:00:00Z
1403853,COST|2026-03-05,COST,2026-03-05,2026-03-04T21:00:00Z
1421510,CASY|2026-03-09,CASY,2026-03-09,2026-03-06T21:00:00Z
1421646,UNFI|2026-03-10,UNFI,2026-03-10,2026-03-09T20:00:00Z
1494785,ASO|2026-03-17,ASO,2026-03-17,2026-03-16T20:00:00Z
1499778,GIS|2026-03-18,GIS,2026-03-18,2026-03-17T20:00:00Z
1486791,WB|2026-03-18,WB,2026-03-18,2026-03-17T20:00:00Z
1555635,PAYX|2026-03-25,PAYX,2026-03-25,2026-03-24T20:00:00Z
1735232,DAL|2026-04-08,DAL,2026-04-08,2026-04-07T20:00:00Z
1891432,USB|2026-04-16,USB,2026-04-16,2026-04-15T20:00:00Z
1937066,AXP|2026-04-23,AXP,2026-04-23,2026-04-22T20:00:00Z
1937070,CBRE|2026-04-23,CBRE,2026-04-23,2026-04-22T20:00:00Z
2003520,DPZ|2026-04-27,DPZ,2026-04-27,2026-04-24T20:00:00Z
1986795,IVZ|2026-04-28,IVZ,2026-04-28,2026-04-27T20:00:00Z
1986797,KO|2026-04-28,KO,2026-04-28,2026-04-27T20:00:00Z
2044093,AMZN|2026-04-29,AMZN,2026-04-29,2026-04-28T20:00:00Z
2003538,EBAY|2026-04-29,EBAY,2026-04-29,2026-04-28T20:00:00Z
1921506,GD|2026-04-29,GD,2026-04-29,2026-04-28T20:00:00Z
2003539,HUM|2026-04-29,HUM,2026-04-29,2026-04-28T20:00:00Z
2003526,VIRT|2026-04-29,VIRT,2026-04-29,2026-04-28T20:00:00Z
2003563,H|2026-04-30,H,2026-04-30,2026-04-29T20:00:00Z
2039914,EL|2026-05-01,EL,2026-05-01,2026-04-30T20:00:00Z
2039915,GRAB|2026-05-04,GRAB,2026-05-04,2026-05-01T20:00:00Z
2039918,HESM|2026-05-04,HESM,2026-05-04,2026-05-01T20:00:00Z
2039917,WMB|2026-05-04,WMB,2026-05-04,2026-05-01T20:00:00Z
2048148,EA|2026-05-05,EA,2026-05-05,2026-05-04T20:00:00Z
2048140,NVTS|2026-05-05,NVTS,2026-05-05,2026-05-04T20:00:00Z
2062032,UBER|2026-05-06,UBER,2026-05-06,2026-05-05T20:00:00Z
2062054,DKNG|2026-05-07,DKNG,2026-05-07,2026-05-06T20:00:00Z
2062068,WRBY|2026-05-07,WRBY,2026-05-07,2026-05-06T20:00:00Z
2110078,CRCL|2026-05-11,CRCL,2026-05-11,2026-05-08T20:00:00Z
2110080,ETOR|2026-05-12,ETOR,2026-05-12,2026-05-11T20:00:00Z
2110084,CSCO|2026-05-13,CSCO,2026-05-13,2026-05-12T20:00:00Z
2129328,AMAT|2026-05-14,AMAT,2026-05-14,2026-05-13T20:00:00Z
2186408,INTU|2026-05-20,INTU,2026-05-20,2026-05-19T20:00:00Z
2186409,DE|2026-05-21,DE,2026-05-21,2026-05-20T20:00:00Z
2357805,ANF|2026-05-27,ANF,2026-05-27,2026-05-26T20:00:00Z
2357788,BRZE|2026-05-27,BRZE,2026-05-27,2026-05-26T20:00:00Z
2312767,PANW|2026-06-02,PANW,2026-06-02,2026-06-01T20:00:00Z
2335601,DOCU|2026-06-04,DOCU,2026-06-04,2026-06-03T20:00:00Z
2335543,IOT|2026-06-04,IOT,2026-06-04,2026-06-03T20:00:00Z
2387793,MTN|2026-06-08,MTN,2026-06-08,2026-06-05T20:00:00Z
2387806,CHWY|2026-06-10,CHWY,2026-06-10,2026-06-09T20:00:00Z
2700674,PEP|2026-07-09,PEP,2026-07-09,2026-07-08T20:00:00Z
2745655,BAC|2026-07-14,BAC,2026-07-14,2026-07-13T20:00:00Z
2775485,JNJ|2026-07-15,JNJ,2026-07-15,2026-07-14T20:00:00Z
2775497,MTB|2026-07-15,MTB,2026-07-15,2026-07-14T20:00:00Z
2866596,MBWM|2026-07-21,MBWM,2026-07-21,2026-07-20T20:00:00Z
2866430,AAL|2026-07-23,AAL,2026-07-23,2026-07-22T20:00:00Z
2910387,VZ|2026-07-24,VZ,2026-07-24,2026-07-23T20:00:00Z
2941073,PYPL|2026-07-28,PYPL,2026-07-28,2026-07-27T20:00:00Z
