market_id,event_key,ticker,company_event_date,safe_cutoff_utc,era_by_cutoff,condition_id,token_count,outcome_count,total_rows,pre_cutoff_rows,page_count,page0_rows,page1_rows,truncation_risk,exact_duplicate_rows,page_boundary_duplicate_keys,unique_tx_hashes,unique_wallets,buy_rows,sell_rows,missing_required_field_rows,invalid_price_rows,invalid_size_rows,bad_wallet_rows,bad_txhash_rows,condition_mismatch_rows,asset_not_in_market_tokens_rows,min_timestamp,max_timestamp,gamma_sha256,trades_sha256,status
549606,AVGO|2025-06-05,AVGO,2025-06-05,2025-06-04T20:00:00Z,V1,0x1bd9458239cf4e0d6ce46cf6dcca970b2db6ace510ecc710a044a5a031fe7c9a,2,2,75,39,1,75,0,False,0,0,75,50,57,18,0,0,0,0,0,0,0,1748991436,1749165918,8fac5637106672014a062544c20058d056133e502a6c182823b9dd5be4962566,a8e0ef0e8b65ae5b8e7bcf39df076ee404af794a4b6a7ba42ba7f25eb7c26e93,PASS_STRUCTURAL
599915,BLSH|2025-09-17,BLSH,2025-09-17,2025-09-16T20:00:00Z,V1,0xfbc0c088a52d0cda3ee32b6cbd102abde570875a76ae1e90d261f89a2974ed7f,2,2,93,34,1,93,0,False,0,0,93,73,81,12,0,0,0,0,0,0,0,1758001258,1758170300,7ea6133126b4fab8f87544ee6163e882c0d179faed2a704c348411ed049e4ce7,6d3a5eca4fefc65fddbfee8efa41e02ac19a6b9262938aff8e77dd0f41cdd1fb,PASS_STRUCTURAL
598111,JBL|2025-09-25,JBL,2025-09-25,2025-09-24T20:00:00Z,V1,0xb89baccda5af9c6cbc15c029df25e26ba5bbcc515563e85f15fa50790cc0ec6f,2,2,256,175,1,256,0,False,0,0,256,160,194,62,0,0,0,0,0,0,0,1757908322,1758863893,139e347a7bdb5738dd4e89dd12c75a68c6d3838a0be1a8fd2ffd271b868aa990,2aa973bc4a318d2ae2639b9bdbaa830b7052bb9875a1943cbc9eb4f42c822499,PASS_STRUCTURAL
619984,APLD|2025-10-09,APLD,2025-10-09,2025-10-08T20:00:00Z,V1,0x2bcb07b13e4086028a4398df1f20000ed83816828337aefbf5f0ffa851e75d10,2,2,137,79,1,137,0,False,0,0,137,99,104,33,0,0,0,0,0,0,0,1759544315,1760137950,4ac120580378ae9694b1e5bc9f8558397f9a7bcd966a690d44a7f1ce33af9922,4c4801fcd4e12fb1b7b72fcefac1c09877aaf2ae977ba5a0293791cf5c82e04b,PASS_STRUCTURAL
613050,PEP|2025-10-09,PEP,2025-10-09,2025-10-08T20:00:00Z,V1,0x4a84f18a410227e4579a509b346913dde3664ce5f332d77ab37cab7aca1e35bc,2,2,323,246,1,323,0,False,0,0,323,214,264,59,0,0,0,0,0,0,0,1758900937,1760016483,b868719aff128d2242b696ce2d6c861c16f972f72744f6ed44b63f53c14dedfc,33676d7308383967ea7d84430b748320c0e6a7775f82b5cdacdc3be90cb43a7c,PASS_STRUCTURAL
619556,BLK|2025-10-14,BLK,2025-10-14,2025-10-13T20:00:00Z,V1,0xd67c63a0b0fec10ad997cb6f083a5657589758d2a2a0769313e13e6d9de19e98,2,2,373,212,1,373,0,False,0,0,373,271,311,62,0,0,0,0,0,0,0,1759561573,1760468727,1f87bbd4419fb557aabd04608c4811c397ceb76cc4d55180728febc51ce1e34a,4a9f7656c5bdc7e7b978c6900837213aba92d75bd871463184ca5b0eb76dd078,PASS_STRUCTURAL
620069,GBCI|2025-10-16,GBCI,2025-10-16,2025-10-15T20:00:00Z,V1,0x81e68dff563dfa1221a6d1c0215e2d3549c794cb72a366be1645d7724b338997,2,2,141,55,1,141,0,False,0,0,141,90,115,26,0,0,0,0,0,0,0,1759544291,1760700316,89473934d2d6f088ae80813b05f6c34c3ae5fc315a1cfa7f653c7b74c21f3cfc,6bfcec869ba731d51a5ada5e23180955e24df07b1db72cd0b65660ca0b4a09d3,PASS_STRUCTURAL
627451,AXP|2025-10-17,AXP,2025-10-17,2025-10-16T20:00:00Z,V1,0xfe1169bc73a4d54074e6856e7c4f56d49403940bc03ea31a46b404a2fa58aa31,2,2,306,163,1,306,0,False,0,0,306,202,248,58,0,0,0,0,0,0,0,1759948919,1760730462,e4f6f2b368629d055ca5a8eb12028971d030e309f0848067c508d98a47335dc1,1bb808f05676518afce5b99ef758da493c0f230df0af956d59fc31d0b3cdb9ab,PASS_STRUCTURAL
627454,CB|2025-10-21,CB,2025-10-21,2025-10-20T20:00:00Z,V1,0x51b35684d2937730df80e0e55c13451c85bfecbd58dcb509720b71d24001c6db,2,2,135,77,1,135,0,False,0,0,135,86,113,22,0,0,0,0,0,0,0,1759951179,1761086377,477ef3002c94fc168753e4ddc40e3c2e4b1d2130812f679393f733bbe29a9ca1,cf5464dc36078cd511d3abe5498fd9ce1f79beaeaf74608fe8c8d0958fa4ece4,PASS_STRUCTURAL
627652,MAT|2025-10-21,MAT,2025-10-21,2025-10-20T20:00:00Z,V1,0x4eb7f04b1f6b2ca418fc1b088f04ded59a2f10074af56750b699076f3f3b2c5e,2,2,128,50,1,128,0,False,0,0,128,67,107,21,0,0,0,0,0,0,0,1759950931,1761097924,e58e25a75507c964cd47d7f563b86fabdfa13d1499c4dde3d5a15c8c582a983d,3e6acc06bd8e82028902433694a18a2d828e705f94a67d4d8cd08d10f0ccfad6,PASS_STRUCTURAL
637869,COUR|2025-10-23,COUR,2025-10-23,2025-10-22T20:00:00Z,V1,0x66cb0f5cbfbb888eec1963fd9d8304f6792e27e078fd25d842d32b205e80f89a,2,2,296,120,1,296,0,False,0,0,296,147,232,64,0,0,0,0,0,0,0,1760662803,1761259553,d8720579c815d747133ed3bdd7708acb6bf935084cb6a67a4f7271fa1c39f15a,488b207fdf3111098c18e0f30361bcd10ef987085e10565e84e56e09a3d398fc,PASS_STRUCTURAL
637870,DOW|2025-10-23,DOW,2025-10-23,2025-10-22T20:00:00Z,V1,0x630ceec498588348fda031541ea65bf2f7ce6187ca9d15953ce4271f1cbeeb77,2,2,78,56,1,78,0,False,0,0,78,48,58,20,0,0,0,0,0,0,0,1760679292,1761218449,322f2d7df9e9eb34296dfca0a7199b8e3c738982ffc93351b33daf32bf2f9c50,c784c53956bc02ddb76d4bc590d5c61f9019b56e5d335504a6a63ceb28fe54e3,PASS_STRUCTURAL
637876,HAS|2025-10-23,HAS,2025-10-23,2025-10-22T20:00:00Z,V1,0x26c0dbef4fec7aa73032355a33133ee97a1a4c3cc3fed61acffe51d9e15de1ad,2,2,97,42,1,97,0,False,0,0,97,72,77,20,0,0,0,0,0,0,0,1760654635,1761231819,1c55541cabb750cc153059814316ed7bcb6e1033d35330855f99452f88d2d275,3826dc9e526b727f47e2d3b3842ffdb222c975075384da42dffd5e62e7a1c751,PASS_STRUCTURAL
643022,JBLU|2025-10-28,JBLU,2025-10-28,2025-10-27T20:00:00Z,V1,0xb12731622cf0421e8bc161cff97bd7d006380aa3a4f87c1444b2d58ad8b91a7d,2,2,180,87,1,180,0,False,0,0,180,126,143,37,0,0,0,0,0,0,0,1761091403,1761690373,d4f81869cecb8ef6bee26063b0d0f3787abfa28125e05c54d236ace8e5e3852e,86c4ad010882874a347f66266618461b0a1a689ab716701c2cbc9fc4ff246b6b,PASS_STRUCTURAL
647505,BA|2025-10-29,BA,2025-10-29,2025-10-28T20:00:00Z,V1,0x706be37cc674211f39a0f05c1c47e7f886d9fbcee4f0bda82684e1acad4a101c,2,2,302,199,1,302,0,False,0,0,302,190,238,64,0,0,0,0,0,0,0,1761280675,1761748145,5b81e2d2af574a3fc0d1ffa5a0f7d4758820a07854ccd4728702f7eef0680e2c,18f74f91d9fcebb9eea2caba84f5520c19f0f519893a288576db7008881d19f1,PASS_STRUCTURAL
647818,KHC|2025-10-29,KHC,2025-10-29,2025-10-28T20:00:00Z,V1,0xe3eac36ff2839d6583710cd2020e6bb2ef980fd3a5fad2d4e49447550f62459d,2,2,88,52,1,88,0,False,0,0,88,66,72,16,0,0,0,0,0,0,0,1761326032,1761748903,2416db7f7800d22ec2cb0deb1da0613b579e1d0b380749a09d918118206c3aad,b38f51f0094c26b1345b4db37a9b58a1b12a2ad16cec97c103d0a042c17edd79,PASS_STRUCTURAL
643045,SBUX|2025-10-29,SBUX,2025-10-29,2025-10-28T20:00:00Z,V1,0xeff2ee7e904e396c3a7208539f0f15e4234e87809dea07f87e8cf9ced2662846,2,2,243,103,1,243,0,False,0,0,243,147,203,40,0,0,0,0,0,0,0,1761106046,1761783321,35e93cee4c43323795cd037da1cd13699c582b589d1f503cdfef7fe47a3f2281,b2291c20d2717ce91d4c0de8685361469d2faebcfa59ac99be77a1490c32fa03,PASS_STRUCTURAL
642124,TDOC|2025-10-29,TDOC,2025-10-29,2025-10-28T20:00:00Z,V1,0xd165dd3fbe08b8c4246141895779cb2003e9cdbea4534ee8a5ef0873852ba5ec,2,2,129,83,1,129,0,False,0,0,129,63,98,31,0,0,0,0,0,0,0,1761080527,1761775067,703a8befc22a543f85892f213f67cb72f72b51c117c0b05d4d5a89a081b4f38c,04d0d62de581829b93a6cc9a21655a9f0018b3bd8454896280409da99c2092b8,PASS_STRUCTURAL
647852,BUD|2025-10-30,BUD,2025-10-30,2025-10-29T20:00:00Z,V1,0xc7c3d58d11a34df058df4a0b8acf762bdad39a5004643d698e9cc3ffa98ad8b7,2,2,120,63,1,120,0,False,0,0,120,75,103,17,0,0,0,0,0,0,0,1761353458,1761861817,071192c7a95110a3f292587bdc553c9f2a724c69d14f7a0e2acedc91e3434cc5,a8b427cb1f14df671446bc3947d76a41bf487e34ed7030a0bc060e06f2533c73,PASS_STRUCTURAL
648376,CL|2025-10-31,CL,2025-10-31,2025-10-30T20:00:00Z,V1,0x65343ce2703761c8448b0d703d3c7c945a7b095f124d074dd87d1f5e4b35fc5f,2,2,179,95,1,179,0,False,0,0,179,122,145,34,0,0,0,0,0,0,0,1761353890,1761917382,d815e117ca53bcb61f76e451fe5e4146e48a8712da46d63ae22d6fe5b1012975,04e5cedb78e9ad241464b075bc2c0e0d15de24ce46c15296f80f43c272239546,PASS_STRUCTURAL
657445,AMD|2025-11-04,AMD,2025-11-04,2025-11-03T21:00:00Z,V1,0xa60f72aa1c1b7a2f2cee9823a510e8dd0a6a1f206355794439a31ca9794c1333,2,2,436,242,1,436,0,False,0,0,436,304,376,60,0,0,0,0,0,0,0,1761869087,1762298637,aa4eb0777cfc49e6c3d6f4f885fc70d437fecf6ab81c0a2c02286995c8da8c99,f337685256fcd052197695c1dfe77dcae78816d19c47f9e977229539c1c26619,PASS_STRUCTURAL
637875,HOG|2025-11-04,HOG,2025-11-04,2025-11-03T21:00:00Z,V1,0x4b285f64604f6c3632bff92503ad9cd0f7fb1a1550a0353a4f1963b331896df3,2,2,330,244,1,330,0,False,0,0,330,217,256,74,0,0,0,0,0,0,0,1760678694,1762262929,df4053a9328e07deea146180da606b1d2215a4a28a7124278ec695e4cd2b826b,021c6ce1560cdc68e7f25a0966656e72d121578d855bd620fcaec5f3141cab37,PASS_STRUCTURAL
656808,FIG|2025-11-05,FIG,2025-11-05,2025-11-04T21:00:00Z,V1,0x51a55abced1d700e0df3fd0f6a7f4c3008e6db96574c050d66e996ec7b68ffa4,2,2,128,42,1,128,0,False,0,0,128,92,111,17,0,0,0,0,0,0,0,1761868599,1762389099,d2f52127696c2adc57d78790bfd822b5074084091f792309fcd99907333d4ec8,a88b73e7cad2b19a4888c755bd189730769a20384b51d672f7873fe53798cc58,PASS_STRUCTURAL
655443,MET|2025-11-05,MET,2025-11-05,2025-11-04T21:00:00Z,V1,0x59fa6d040b5f47a8cb6ae947db533fd7f896e8ce4a5667d278045253a85a607f,2,2,74,42,1,74,0,False,0,0,74,57,58,16,0,0,0,0,0,0,0,1761765125,1762383325,730be664535171880047ce1fb5f4aa32a3106786fc97d4de664cb74d1754f7d9,0bcca5583fecf12e531bef7ad62eb58acd9bcd46a4e8b59e99f7f27c33dfa122,PASS_STRUCTURAL
656785,SONO|2025-11-05,SONO,2025-11-05,2025-11-04T21:00:00Z,V1,0x7ff0ca5821d8b8407e6855031c49f797a73dc0dd8301039bbf25a9c26bf70411,2,2,281,86,1,281,0,False,0,0,281,224,246,35,0,0,0,0,0,0,0,1761860379,1762351445,a1afbb6d4c95eb10398cbe90bf88cc717c389cc53c9e079bf0a6cfa24ba06ebf,6085445510296c6e2be812f2bb93a31141ccf21a1a90d38d046e4438ef880538,PASS_STRUCTURAL
657080,DBX|2025-11-06,DBX,2025-11-06,2025-11-05T21:00:00Z,V1,0x64cf9a65a2a9805c06e00cb087d5328f311dd71d2648f1166f6d6b372f52399f,2,2,255,93,1,255,0,False,0,0,255,185,219,36,0,0,0,0,0,0,0,1761852579,1762469377,064080a72d1300aa509cb7da088245e27ffcd6eb4787c5a79d00ed9a597e02a4,1bce876464b945f8cdaef0ab41568b2d85135f9b7a601c70060e9562a1055420,PASS_STRUCTURAL
657007,EXPE|2025-11-06,EXPE,2025-11-06,2025-11-05T21:00:00Z,V1,0x0812be9adc5030e38f7b5fbcd227beeea3b07a0fedccc7f69c0cff039d22c5e1,2,2,234,63,1,234,0,False,0,0,234,203,212,22,0,0,0,0,0,0,0,1761924402,1762466571,5421f736274b5ef9e21bb30c4b8e0e9df6b67a2298b14c6404ac04f37721cf57,8511ebfeaff5d46dfb9f9873cb1b368fba4eadc87854f468f046388291feb68d,PASS_STRUCTURAL
657079,MRNA|2025-11-06,MRNA,2025-11-06,2025-11-05T21:00:00Z,V1,0x540caf896b82e10790059629fb80fcb4bb913476c2dff01d204ff300b0261cb5,2,2,133,78,1,133,0,False,0,0,133,99,100,33,0,0,0,0,0,0,0,1761852901,1762437173,977d46dbdb65932f29dc9d1dc3705ba3ce0b31f2b547ccc028cb4ccea3489753,06e1e4c5be06cfff0843b54681015f38df2f7cd7e58297588115609cd93cfe49,PASS_STRUCTURAL
657065,NWSA|2025-11-06,NWSA,2025-11-06,2025-11-05T21:00:00Z,V1,0x93791240499402bc591d2ee8461a9d3b74decf79a85937bf4c8b6337e7a10158,2,2,79,45,1,79,0,False,0,0,79,51,67,12,0,0,0,0,0,0,0,1761863785,1762471171,c118ba1d15f8d8c437f6c35ab0662ac2aab5bea58f33000eb652e6ad9aaec03f,ea90cf9bc3d0db9562dbb4eda2466d83b47477b656675087f7ea5bc51571aafc,PASS_STRUCTURAL
658498,SG|2025-11-06,SG,2025-11-06,2025-11-05T21:00:00Z,V1,0x734e47cbb4c21b28054f336b1fa0d576e27ce11d12ba9a97c38845e7505e3874,2,2,229,25,1,229,0,False,0,0,229,201,215,14,0,0,0,0,0,0,0,1762107507,1762471821,a26886bcf57df29a692de75827829cff09446c98f1a05289a040c8c46566237e,52295e003767d7189f81fcb24f4ff6e18c5b4e89cae83243fa854693f7099bec,PASS_STRUCTURAL
658487,UAA|2025-11-06,UAA,2025-11-06,2025-11-05T21:00:00Z,V1,0xc96c7c8c9ef06dd9eebbed5369bb1f60db264eb1807e4eab15106f17fabe31b2,2,2,97,48,1,97,0,False,0,0,97,74,81,16,0,0,0,0,0,0,0,1761963302,1762441301,4d9565c19940bdb22392559e8ba924c19a114cf32c675fa21363b7ed13b40a80,7aade577c7e18999bd9330caea4442b01f9a169d556b1799506253f393075ffa,PASS_STRUCTURAL
668460,CRCL|2025-11-12,CRCL,2025-11-12,2025-11-11T21:00:00Z,V1,0xc81d97e06e367745e63b1b6c0e0a7ef27d73e87c32daaddb4fa703da89f98e6c,2,2,881,570,1,881,0,False,0,0,881,581,737,144,0,0,0,0,0,0,0,1762474469,1762955333,ce5f1f7a84b8595a2aa083b80ef5219706eca8079ef38c10acaf8b26972eff2b,65724ce81b5953d70821bf983cfcb1e778642b60b18c88d679ed6a43490157d5,PASS_STRUCTURAL
668512,GAMB|2025-11-13,GAMB,2025-11-13,2025-11-12T21:00:00Z,V1,0x6d79a0e2153940157b29a02c2bbda2fc432e3c1a89cf16229f216c92f9b6d4eb,2,2,249,181,1,249,0,False,0,0,249,193,199,50,0,0,0,0,0,0,0,1762475859,1763042398,8016cf086a61883528b826b0442c68dd75dd040cdd5971338b587828040e68de,5bea311685e37bdbb53db4c2d0db89b580c64b2036842c9cbc89f1e6b047ee27,PASS_STRUCTURAL
675008,ACM|2025-11-18,ACM,2025-11-18,2025-11-17T21:00:00Z,V1,0xbba19d6b76282eb50acd3daf141e13d8ee7bda6a246b919904b70ffa52dfa638,2,2,331,262,1,331,0,False,0,0,331,237,264,67,0,0,0,0,0,0,0,1762820040,1763487947,32d7fae1fc96f32730c41a0c4c1d5360ac575e5bb4d6ef569c6101afc5d13429,14a70c87983cd0fb6cc0d8a90e6847cca212d40e9a1dcc5c2c2f71c8bd92351c,PASS_STRUCTURAL
675497,POWL|2025-11-18,POWL,2025-11-18,2025-11-17T21:00:00Z,V1,0x9094e56a0f9730656d72ea0884d507ff691c898fd10cea1f8e83273b94b4f386,2,2,158,110,1,158,0,False,0,0,158,107,124,34,0,0,0,0,0,0,0,1762881039,1763510919,59a0457897af4ff84ca68930f4b16dc7722a050d96774ecc8674cfa0d02b067d,dc0670c54bba4057ef3e3a3362ac1d13d482e006cf318853ee444c821ffb7d55,PASS_STRUCTURAL
675504,NVDA|2025-11-19,NVDA,2025-11-19,2025-11-18T21:00:00Z,V1,0x13c8546e1600edd62efa2c0530d99214cbbb3e9eb27c3e72fd09e50e874f17b3,2,2,3382,1104,1,3382,0,False,0,0,3382,2185,2793,589,0,0,0,0,0,0,0,1762820642,1763593771,217eb078067fd5c1729cbdb6fdbffed2aabbb38ca67f5548b6a75b39e7f7da1f,e0bc028e65189b2c8a676fec6ff8a4047e248df66ad04efecdbfec5060afe398,PASS_STRUCTURAL
675507,TGT|2025-11-19,TGT,2025-11-19,2025-11-18T21:00:00Z,V1,0xcc63ddd626ad05734c531a1241d486cea7c4c051636557d050b7c85fedc9cd29,2,2,334,288,1,334,0,False,0,0,334,289,298,36,0,0,0,0,0,0,0,1762839867,1763563647,1b0685d6856f3675626f0f1ffe07b46a9eaeadd312bddc7565d8c7e2605223a3,91caba54946bcc3ecd2d0f959184dd94c309cadd9b8d5a96a8b31e6c629047d8,PASS_STRUCTURAL
675540,BBWI|2025-11-20,BBWI,2025-11-20,2025-11-19T21:00:00Z,V1,0x3206e3e62ec273d4656e26b9c1816e824cf8b2f4db34a346650389851d37e57d,2,2,239,140,1,239,0,False,0,0,239,142,187,52,0,0,0,0,0,0,0,1762842041,1763651583,8d9e736b99492f6df16c2a4664c8cad9d285960466500028dcc9775cca834f59,a658fb01bdb129af69bae51aa7d448f197cc268eb4a0b4b546c99c404e042c1c,PASS_STRUCTURAL
696263,UNFI|2025-12-02,UNFI,2025-12-02,2025-12-01T21:00:00Z,V1,0x16319c2cb245207804b4481ffe84a3837676b3da0289f411f6811da00a1bc600,2,2,261,192,1,261,0,False,0,0,261,205,219,42,0,0,0,0,0,0,0,1763791851,1764684472,c5d427bdfd792af97131993eec71671fd71a80c2d488cb8e6663f0cd52add048,68b229846e12830508405f610c4cd40c02d48995ef1cb5f4657d1c18aa9e2a8f,PASS_STRUCTURAL
697446,CRM|2025-12-03,CRM,2025-12-03,2025-12-02T21:00:00Z,V1,0xf13e6346f6153a1e063861a848b462241335d94014b1e2352f87c01698681173,2,2,296,171,1,296,0,False,0,0,296,218,247,49,0,0,0,0,0,0,0,1763913321,1764802909,e55d1a387d4a5a2fbd02880223341e6af5384be503dcd1f237b3d60734a26553,5caee17f8468bddffa94d12afc7fe8b1b44f34d521102a9b12667f3cef388760,PASS_STRUCTURAL
697463,DG|2025-12-04,DG,2025-12-04,2025-12-03T21:00:00Z,V1,0x9c36c341e446ee96ad541ff4ddc9486dc1556948e40f7041be75e61814d20a28,2,2,236,120,1,236,0,False,0,0,236,168,182,54,0,0,0,0,0,0,0,1763868153,1764863475,428a4c6b8efb84072a99bcd65792f5836b6514094ac67606113964c6706da541,55175b07b3f254720634500e544d84ac113e4c9879f43454e862e8f7840fbff1,PASS_STRUCTURAL
701955,CASY|2025-12-09,CASY,2025-12-09,2025-12-08T21:00:00Z,V1,0x59326d68ec624aa2e19132b40dc7a6da2da850b83274d6cb751dd441bb286340,2,2,249,148,1,249,0,False,0,0,249,186,209,40,0,0,0,0,0,0,0,1764048763,1765325592,18f31cb73a12227ee5279d73d853e748030d4909b5090f92d9341bef5529e2c7,566965676e4231ed565b885af713b9cce0e243aa84297655156ae4f57bcf10b7,PASS_STRUCTURAL
1125126,TFC|2026-01-21,TFC,2026-01-21,2026-01-20T21:00:00Z,V1,0x849ccba97e929ad084891b4ac7e0398e776b541e28536131d5110e8b819b0553,2,2,346,86,1,346,0,False,0,0,346,165,246,100,0,0,0,0,0,0,0,1767749191,1769026288,68c14cd14973874ba613a12347d42992b598ce65edc21bff096afda5b28d7ab3,ae696f920c1803231da9c2de4ea090327e1cee639c06fe4cdf8418be062a0f7d,PASS_STRUCTURAL
1139951,MKC|2026-01-22,MKC,2026-01-22,2026-01-21T21:00:00Z,V1,0x1f5c8acbf361f92bba1529aa3d314446985a8dc8698ef2940c4322bdef9f68ac,2,2,190,107,1,190,0,False,0,0,190,139,153,37,0,0,0,0,0,0,0,1767917770,1769095610,922813c4f4efe98ac6ded03ab8ec8a8d54b78b7d82f5555d723960da1faf1b0c,1b2acb51aa5cba7f988645fdf690637a880f0b87f66bb31886301fb1ca41fa15,PASS_STRUCTURAL
1175892,UNP|2026-01-27,UNP,2026-01-27,2026-01-26T21:00:00Z,V1,0xbc2c0328e62b2577e2946404db39250331f18036f866c17a80e03fc83bbfcb73,2,2,382,274,1,382,0,False,0,0,382,217,253,129,0,0,0,0,0,0,0,1768333830,1769527031,8795afc00d0b69a4f5be1439a430abcf7481746070859e82e9686c641d06b6b1,bef39cb08725134d5fb637c8f2de5d593d960c4fd8c89e9da3567c38cce9053a,PASS_STRUCTURAL
1244920,IBM|2026-01-28,IBM,2026-01-28,2026-01-27T21:00:00Z,V1,0xb7f0223ccfd8e47957bffb618ac17fa4a46a1adaffe732a82719dbd11cb44897,2,2,281,122,1,281,0,False,0,0,281,189,210,71,0,0,0,0,0,0,0,1769166468,1769694506,fbd78f35311a9f5ee3a18cc1f3d84ef6e054a87432bfe6ca8ae555446837848d,8103afa40305edb91b2f2eaefb20400af87c75e2bb61dea9aa242b7328493f4c,PASS_STRUCTURAL
1244935,V|2026-01-29,V,2026-01-29,2026-01-28T21:00:00Z,V1,0xd63994beb77dc627524e6cb6b51425afec6afcfeb65d27a922f44c865d815d61,2,2,354,155,1,354,0,False,0,0,354,245,287,67,0,0,0,0,0,0,0,1769166378,1769732756,ad980f6647dfc3fa700a27b65d04ea09cf8d175adbae9ff20cb203b10157fa42,109e133eb35832b74c161f6c5436faa9db06c005381188aff34721ff633cb99a,PASS_STRUCTURAL
1230454,CMG|2026-02-03,CMG,2026-02-03,2026-02-02T21:00:00Z,V1,0x99b4f6582fbda0de6ce798a40dbeccf8dc02035d8443659527c8c51fabb9d104,2,2,165,80,1,165,0,False,0,0,165,114,129,36,0,0,0,0,0,0,0,1768945404,1770162056,b0a9d7b2cac86a0e117384bdbddd896eddb95f9316fb7acb7f2b344826dc67ff,d9f7b3213af9e8348c22b796cd90c41c762d2e3f556fa4182def20a0cb893878,PASS_STRUCTURAL
1254013,EFX|2026-02-04,EFX,2026-02-04,2026-02-03T21:00:00Z,V1,0x2fcabb691c96ca59f21da5cc3e891bb7de7a885f9391372258a8a87f54b481c9,2,2,192,124,1,192,0,False,0,0,192,120,152,40,0,0,0,0,0,0,0,1769298768,1770210608,02797ac1f4e9552262d2a14562ad5ee608eeeb30fe4edeca2e9a04d013cd7ea7,aee7983af13bfefb198df65c2e47cf17bb15727051966df8d055d1dbc4254d34,PASS_STRUCTURAL
1238099,QCOM|2026-02-04,QCOM,2026-02-04,2026-02-03T21:00:00Z,V1,0xf3bd23b770365e2d08c9267cc927da80c186c254ed83a182efed4a27853c1b56,2,2,297,151,1,297,0,False,0,0,297,174,248,49,0,0,0,0,0,0,0,1769057972,1770247351,3de6a01d13120519bb722292863ff16032f4b99ee95ae40a8098292ad6d2f0cc,5af621d38409d98403b2c067b25ad1b2564d67ca199b4c70109986fde3d63e1e,PASS_STRUCTURAL
1321183,KKR|2026-02-05,KKR,2026-02-05,2026-02-04T21:00:00Z,V1,0xef3eb1cb2b26703d53b3fdffaa9168c40bffcc89eacca902763c0360304becd1,2,2,102,24,1,102,0,False,0,0,102,63,87,15,0,0,0,0,0,0,0,1770065464,1770300957,fadf818d23dae583cd7656e38cca35a8a302eb0d728838f64c34ed54daad470e,fc9ed4232e4044c9de3797e12f9f4df9b9d80ad2bfad5b8e5ce1a5acd5a5cada,PASS_STRUCTURAL
1268878,RDDT|2026-02-05,RDDT,2026-02-05,2026-02-04T21:00:00Z,V1,0x1f26c2c251f60e68222b69b9f9637a542c2546a0a6873ee5f581c201a03162ce,2,2,441,284,1,441,0,False,0,0,441,262,374,67,0,0,0,0,0,0,0,1769425807,1770333659,9e64b1a2fdde01db759b903f1441b5f1e899e84d3f364ca8fc06a5657b273518,1301567e6b9ab3f19dbe7e2071654fd761f0d311603c57619d01a511fc92b374,PASS_STRUCTURAL
1321400,CHGG|2026-02-09,CHGG,2026-02-09,2026-02-06T21:00:00Z,V1,0x8fe749360541e75a6e60ecaa0bbd6aa46c76c7a09fc152bfa6d2981d6d243579,2,2,100,14,1,100,0,False,0,0,100,74,89,11,0,0,0,0,0,0,0,1770060984,1770676715,be3f8af2313211cb9de0298361d973518a4da41a6a851a0fd68f423c434d51ab,ec8498789564f3fe62e3c4f045e2c940f88da24a3b17b5c2cd6a8c9202a7d846,PASS_STRUCTURAL
1237795,F|2026-02-10,F,2026-02-10,2026-02-09T21:00:00Z,V1,0xafb23268a1782cd0eb4c5d43e400f78a39030c7cf708c060a258f2334b3f9d77,2,2,226,103,1,226,0,False,0,0,226,142,156,70,0,0,0,0,0,0,0,1769041760,1770764215,53996c5d5c4475d115b79aaca2e763bdccec65bdbd4587a023900732cbeb85cd,0abaac168c178aa497180b0461c6995614385716ebf51982cdd79d7e4d9102e6,PASS_STRUCTURAL
1238101,HOG|2026-02-10,HOG,2026-02-10,2026-02-09T21:00:00Z,V1,0xe74ad2f7df5acbadaa1c7c3b9db4698381271ed1f627db9c323668e3cacd002f,2,2,227,140,1,227,0,False,0,0,227,132,176,51,0,0,0,0,0,0,0,1769057068,1770730747,a8e50d429bc4553938fdc2fc1c94d3fcd94f0e697e8407a5c02771cfcb078224,f721c7dd972ee1a6a4de9358f82ef25b057e5ff7738b874222292bd4b379a97d,PASS_STRUCTURAL
1280186,MAR|2026-02-10,MAR,2026-02-10,2026-02-09T21:00:00Z,V1,0xb127046c0d86a3d2e77bc03bab21686b87829d93457fbed8e9f49f79bdd1ae59,2,2,133,59,1,133,0,False,0,0,133,88,113,20,0,0,0,0,0,0,0,1769612457,1770728795,9b7161caedcd6b98996b218dcbfebe3ec2ec0ec7efe914e3fcb0edc66d32316a,c944c176434522b77023f3c8e0a98f38f99016cabefd9c473938ebf1086eaaae,PASS_STRUCTURAL
1287905,CSCO|2026-02-11,CSCO,2026-02-11,2026-02-10T21:00:00Z,V1,0x30901fe6e3780d57d5482022c8807037e4eae5f1477f8db5da58386cf1ef0826,2,2,388,237,1,388,0,False,0,0,388,243,328,60,0,0,0,0,0,0,0,1769731774,1770853605,007de7810c7ac0ea7339e347df12b96e1cc064481494caca7f3de02309a95789,6b01a90737e78781f839bb0af1a83764377e6834ce6c09d4e6ffb1ec1576f913,PASS_STRUCTURAL
1293041,PAG|2026-02-11,PAG,2026-02-11,2026-02-10T21:00:00Z,V1,0x7d1474f2b4dd9b63a7555b80dacf07c7194cd43aaf358a353b0b087fe3f6bfcc,2,2,83,27,1,83,0,False,0,0,83,64,67,16,0,0,0,0,0,0,0,1770356957,1770828391,a2463d746cba579b11e60588801fbfe5b87ade3c6cdecc640676a09d1f1afcd7,3af787c5c01ab8c29b0f705454392acb95b3b4a79d959cc3ea2341b806fcb43f,PASS_STRUCTURAL
1367585,EBAY|2026-02-18,EBAY,2026-02-18,2026-02-17T21:00:00Z,V1,0x3436bb3e67561716e03c36c6242c678f1123a1f32f20a947538608910db56833,2,2,194,87,1,194,0,False,0,0,194,148,162,32,0,0,0,0,0,0,0,1770880101,1771454434,7709be284fbb88e480a7bc46debd2f67d5666a73560763a2b22743c6ea918e98,c88cf03eeeaf9fbed5dd9acf039ef398e0b7de52f6be9bb39f55b1837593fdc6,PASS_STRUCTURAL
1339807,DBX|2026-02-19,DBX,2026-02-19,2026-02-18T21:00:00Z,V1,0x05e41c8fb81af63d4c165bc0c23d93c574694de71216f0ffadc79428cbeab1bb,2,2,254,144,1,254,0,False,0,0,254,173,206,48,0,0,0,0,0,0,0,1770389707,1771541090,4d455a9542cbaf36b30a20737c6365020a098819e438f206d3fb1a3b6a24ac59,7289546c3a533f714e69621757d1a1e0f43fdd4637868cae28cb7738b24eb0fd,PASS_STRUCTURAL
1339788,WMT|2026-02-19,WMT,2026-02-19,2026-02-18T21:00:00Z,V1,0xd7ce4020b83d09f10b671bee2016d4f359054f62eac58289d0e74d97c4c8c324,2,2,428,290,1,428,0,False,0,0,428,280,342,86,0,0,0,0,0,0,0,1770317281,1771514190,20f7c59f080d3cd00563643756bfd590cab00ccaea948b2af3fb44ab97f44824,8cecf5f001d84b04e85a977ca74da334589653703ba6c7457841fcf2cacfa17f,PASS_STRUCTURAL
1362677,CSGP|2026-02-24,CSGP,2026-02-24,2026-02-23T21:00:00Z,V1,0xa6ed0d4fa8c95c1fdb3afe2abe0409c468fb64595c81cadb9964345003158938,2,2,101,53,1,101,0,False,0,0,101,71,77,24,0,0,0,0,0,0,0,1771311079,1771969798,b63e2b2221339df848178209ade1ede0160fa1eab4e27003bdc2c3525f746395,c3d70885cf2f99b822f0e6e214a5f8e8be0ec6e05004161b019ff1e871f7defd,PASS_STRUCTURAL
1369645,RKLB|2026-02-26,RKLB,2026-02-26,2026-02-25T21:00:00Z,V1,0x7efacba192fadccfa3f6c17c7362f3f89c08cb2e70e146d0618b59e49f1e4ab1,2,2,737,648,1,737,0,False,0,0,737,391,437,300,0,0,0,0,0,0,0,1771028233,1772148002,6188979d6edaf677369f089490bed29006f5c3716871984e82e089515ee5a3f5,79477f0bc3850df5d9ded2384677cf322f0430ebf9b10ca3ffb4e04850c7d9ab,PASS_STRUCTURAL
1369670,SHAK|2026-02-26,SHAK,2026-02-26,2026-02-25T21:00:00Z,V1,0x0fe6d27fdd8c7aaa58419c1b755af3cad99c70916201aeb7178431c58290c9d8,2,2,111,81,1,111,0,False,0,0,111,84,87,24,0,0,0,0,0,0,0,1771056913,1772115418,3bd2d9e7ae57d1ca47b8abc54debb8e2174731979081a0d311a96d6bcc99e1c5,83c53dab1e328268c623d234c13529c85317fa3b047ee54315d5d29cd6124dc6,PASS_STRUCTURAL
1369646,WRBY|2026-02-26,WRBY,2026-02-26,2026-02-25T21:00:00Z,V1,0x260bf48a49c69fbb8d79de5149c5a3dbbf3efa6460c09ea26bc13f81ff9f5f5e,2,2,68,52,1,68,0,False,0,0,68,52,49,19,0,0,0,0,0,0,0,1770945779,1772106306,2cafa39edd9810a3f6f90d91587fb53616f5f1001c0e90c2203440a150106202,020f3b5ec6c9beaf4b355f1d105c26c6c7620b4116c760d07e1fdad9aa684f24,PASS_STRUCTURAL
1399742,BOX|2026-03-03,BOX,2026-03-03,2026-03-02T21:00:00Z,V1,0xfb85c8990f64e5012be7434af44659c8bf6b11e08bd2c3aeb507e04365b4d08a,2,2,91,51,1,91,0,False,0,0,91,70,68,23,0,0,0,0,0,0,0,1771596800,1772577697,249675eec52857c7c29e8bcfc1dd6565c8295c5bdb2d5ab733976c81d410b122,b254af8fd3b8f2de666f4f87f91f419f6e23cb771fedda2642b5aa32645c222a,PASS_STRUCTURAL
1403526,ANF|2026-03-04,ANF,2026-03-04,2026-03-03T21:00:00Z,V1,0xb353f06fdefb69d9a37bac9f450cc8f7caf369df53cb4c475783635f4c86a8a2,2,2,143,91,1,143,0,False,0,0,143,97,118,25,0,0,0,0,0,0,0,1771804288,1772635473,fe394dfb38d8a1abaaf15eb3fa189bca20b9e76c8a311d9d1545ad27095fb49b,83cb68ea054ca7b1fcb4e0338abdc81098b130e176ad7272288bb5ac9e5535b4,PASS_STRUCTURAL
1403853,COST|2026-03-05,COST,2026-03-05,2026-03-04T21:00:00Z,V1,0x31451d5ec63c74a64a33eedd3e23a4f357aaaf7942c3a7a94046e40c7f4952ff,2,2,352,166,1,352,0,False,0,0,352,251,281,71,0,0,0,0,0,0,0,1771672806,1772754511,d4a45c4afe2b6da7fb3806aef3eeb1c86cbe56d24b8acd7790d89d80893ea39c,b5be154a500b7b2815fc23977ac0b9de2a3a3faa56649d2e7388ca5903bd6e5f,PASS_STRUCTURAL
1421510,CASY|2026-03-09,CASY,2026-03-09,2026-03-06T21:00:00Z,V1,0xb5a187313d629d6bde08aca6d0e7843e6c762e8e16d20a6b637156b5e8f288e9,2,2,287,88,1,287,0,False,0,0,287,184,200,87,0,0,0,0,0,0,0,1771903060,1773094455,15ba6ea83aa6dd9df7ddfde0777fa39d892e20df1f4432e986f83d2caaea5c2b,0646fc500d65cdebacf4547f7fef66f1ac3c08cf38a0ac0a47cad87d240215f1,PASS_STRUCTURAL
1421646,UNFI|2026-03-10,UNFI,2026-03-10,2026-03-09T20:00:00Z,V1,0xbcb0f727bfabb7914ec5a1fbf543f4ad1a0baf49950ebb4547d4fbb62d35c1af,2,2,193,115,1,193,0,False,0,0,193,138,145,48,0,0,0,0,0,0,0,1771920084,1773147895,406fb89a66249fece16a769777619bb0e822eb8e91391158383fed3dff5cf162,6c858f108d022337e48c6c4e53420643c759e0402b831cf3774b1503f4f5a678,PASS_STRUCTURAL
1494785,ASO|2026-03-17,ASO,2026-03-17,2026-03-16T20:00:00Z,V1,0x9d960358504ccc424ed5a26b3cd0b4003eef4f0376fe0e9f64e2708acd83b456,2,2,140,100,1,140,0,False,0,0,140,94,105,35,0,0,0,0,0,0,0,1772629899,1773761179,f13d58a7afd9490cd809ef4521e47350d87d23fb92d690d50e343479af17c3c9,6ca4e6eb56ffdcc149d5918561e1b99d11b5cdc349742dc6341d7d18119d7cb1,PASS_STRUCTURAL
1499778,GIS|2026-03-18,GIS,2026-03-18,2026-03-17T20:00:00Z,V1,0xf5f54f9fd01dd6904e50b1aac8727ca80b08e8fddd62d2e258caa34d9f461ec3,2,2,254,202,1,254,0,False,0,0,254,153,200,54,0,0,0,0,0,0,0,1772670335,1773843481,da920050bd6c3fdc5f15d828d0951b7eba9e17075adb1b712df0b473e1652ff7,f2712b3b0f3db7e9bc47f7821a5bb1cd42e62b6304323ab739e3795fa2c1c31e,PASS_STRUCTURAL
1486791,WB|2026-03-18,WB,2026-03-18,2026-03-17T20:00:00Z,V1,0x93dfab1acd865840a4ef6c1b3525a210978cb1ed2bd3f9b2f3ca7132726ab092,2,2,162,111,1,162,0,False,0,0,162,118,129,33,0,0,0,0,0,0,0,1772496739,1773837433,57bd40c5bd02a6e4994d689023733b0769b3ef1abcde60d327a8f83dc74640a0,57e7385909e83f9f37132a13c0d22b20459762067a5de3eb73c6af485b52f223,PASS_STRUCTURAL
1555635,PAYX|2026-03-25,PAYX,2026-03-25,2026-03-24T20:00:00Z,V1,0xcca24c7cebddba49fd296b8db66d1e5002b7e67c1f5b9303c2c1adf82828c092,2,2,124,90,1,124,0,False,0,0,124,91,88,36,0,0,0,0,0,0,0,1773262635,1774449039,dadff94057328e331fd34b4a831f37032b613f624e72b45c9698b6f7f46d8936,5c6868e484e19aebd08c38fd7df0375d752dfb6f42399c5265d241f7028bc1c6,PASS_STRUCTURAL
1735232,DAL|2026-04-08,DAL,2026-04-08,2026-04-07T20:00:00Z,V1,0x3e1b67bac7dae3291574c02e8111f39db5f23c130fcdb4e7a7ecc3a360e997e1,2,2,164,137,1,164,0,False,0,0,164,115,111,53,0,0,0,0,0,0,0,1774602087,1775657301,d951546f072aec6233a5c0a808f33ee1415367f499d18db452a7e5db461c86f8,8820e4aacb7bce137787035ca2db29af997f6a1bb7bc642a3d9baf01f68105f2,PASS_STRUCTURAL
1891432,USB|2026-04-16,USB,2026-04-16,2026-04-15T20:00:00Z,V1,0xb90eec24d91ab934ecfc35d21c162508ad66d1c7a9d5a5d59b524147a3fa4e0d,2,2,152,76,1,152,0,False,0,0,152,107,130,22,0,0,0,0,0,0,0,1775494403,1776343746,9db3fa366f33a9e52a5153f4612eff252ef54465871f2c800dcff556d87fe143,c6a910efcb458d0dc38c79c438f5c7bcb3754a2486c7dafc1707326fc7466db4,PASS_STRUCTURAL
1937066,AXP|2026-04-23,AXP,2026-04-23,2026-04-22T20:00:00Z,V1,0xb2d4ebc8eec9904102af85b0ab5d5cfe2a72758fc9fed5dc7b1adb99aa3d7acc,2,2,98,61,1,98,0,False,0,0,98,77,79,19,0,0,0,0,0,0,0,1775951389,1776952608,95bff15790085e80fe26e606138e2e8b38b6c0eef3cbf173f271157374c6b044,2242311092a31321c598ce98e5a18f30a53a9aaf13d3b81d9d18eb7c6c6f5f09,PASS_STRUCTURAL
1937070,CBRE|2026-04-23,CBRE,2026-04-23,2026-04-22T20:00:00Z,V1,0xcb4f0c28834522c4d5b3e98df6bd8a9e299a93be521afcc0251e375c4837d680,2,2,80,41,1,80,0,False,0,0,80,61,61,19,0,0,0,0,0,0,0,1776186852,1776950098,dabf89b28a14b69cde94879f33f998afa1e095a7cb8282fad32a8bb71e3767ee,998e4853206b433051124a50592088208f956f4f0b84b66d4d6356099ca8b21d,PASS_STRUCTURAL
2003520,DPZ|2026-04-27,DPZ,2026-04-27,2026-04-24T20:00:00Z,V1,0xda55a106e5faf1d26dea0886840f09ea09322c941086c7111dc053e5ca1d5f45,2,2,79,44,1,79,0,False,0,0,79,48,65,14,0,0,0,0,0,0,0,1776543474,1777286714,6a19d7afbe6a00218424f3ca6106ba016d3cfbf7542cab65eb1f1f26df6c5f79,cb118ef2f4b7d995af6527a094939b6a8b9ee5f0b86db2c7fed0e3baefc45c40,PASS_STRUCTURAL
1986795,IVZ|2026-04-28,IVZ,2026-04-28,2026-04-27T20:00:00Z,V1,0xbe2375ce62c3b4721d65df37398c8675c4a7357c4bccad30a356951248ad6cc2,2,2,24,15,1,24,0,False,0,0,24,22,22,2,0,0,0,0,0,0,0,1776505864,1777380690,b2b66424e7f1397a16f16d061f8b466e7ffa482a6aaa38db548772236f7c908e,d8d4a98ab9fc5e3c27df3b8476600e27a775548a6c78daf9c0ea259bb22ea6c5,PASS_STRUCTURAL
1986797,KO|2026-04-28,KO,2026-04-28,2026-04-27T20:00:00Z,V1,0x21421d6ad73ce68962a0d7f8299137375a67dcfcf80ce05008a037f54e171e1c,2,2,138,107,1,138,0,False,0,0,138,100,104,34,0,0,0,0,0,0,0,1776444566,1777381390,baa16017946ea9826f49265b8839318ab8a4526d0bee47cbc4b644b78b40e6f0,36baacf15aa2dca716d89ec13d3c1cff70869ab4021ef1746ac12ceac6cbed04,PASS_STRUCTURAL
2044093,AMZN|2026-04-29,AMZN,2026-04-29,2026-04-28T20:00:00Z,V2,0xb844a61b3fe6a8e3fffa232905a3fa71205d4b308993ec76329f4cf21d5867aa,2,2,373,230,1,373,0,False,0,0,373,210,262,111,0,0,0,0,0,0,0,1776790166,1777501072,f71cdb1fbdc4a6b973c84dc04ae943fe07ccf0898c795bcec5bccd6898f20f20,82e8193b4bb2be0632b5d207998b428f38b626ca152c307624d51fbbf7e2cded,PASS_STRUCTURAL
2003538,EBAY|2026-04-29,EBAY,2026-04-29,2026-04-28T20:00:00Z,V2,0xfd80d6eb29ce8fe36eb015b19627a0627a17a8ba3b0e2ff5cdfaec94209ec709,2,2,79,47,1,79,0,False,0,0,79,53,52,27,0,0,0,0,0,0,0,1776500280,1777500410,4752cfe47f0b6657fadaf71f1d5d7c5d5a62880b9c9d47d9588db95dcecf16a7,769ef566ee13d6aba03ef314d547baca7a7fe1466069a56bd250523a33567dc9,PASS_STRUCTURAL
1921506,GD|2026-04-29,GD,2026-04-29,2026-04-28T20:00:00Z,V2,0x214f240fa0b2e5223559b39460d198391902e0d1af4bca1ef45e33eb46ba3fd9,2,2,198,180,1,198,0,False,0,0,198,108,151,47,0,0,0,0,0,0,0,1776008817,1777464980,2abde53d453a62ba25359be86e0a8bb66ae3d7b38ca756a4bb1b0fa146443397,e02b5c45154250675ecccbd750668e37375274fc358c76734354e3687aa95337,PASS_STRUCTURAL
2003539,HUM|2026-04-29,HUM,2026-04-29,2026-04-28T20:00:00Z,V2,0x81cc33c1987b14eec3a9a00542ff0960cb53bc011cdb4c08a9159bdc1b198444,2,2,68,57,1,68,0,False,0,0,68,42,45,23,0,0,0,0,0,0,0,1776498924,1777459904,c48dfc02f7b4700f9533088f30a1381d4268484d2887364cf74e05f0fe01cc0f,a47a40443ac1ddf83d448ac480d33879335a34bc61a6f0e4cc757275856d3b60,PASS_STRUCTURAL
2003526,VIRT|2026-04-29,VIRT,2026-04-29,2026-04-28T20:00:00Z,V2,0x393c6ffb79e74bfd9afdbeb947cf2991522bee6f656d0332027c9814b30b8721,2,2,46,28,1,46,0,False,0,0,46,33,36,10,0,0,0,0,0,0,0,1776704202,1777461170,4f07cbd5c30de9069a31b5db1da5d2d0856a4fb4c963cda9c5e0688dc7cfe1bd,9b1891db6ca7ab3df5a16e3748963751859187ee880b265ee5f4f78e7cb07a23,PASS_STRUCTURAL
2003563,H|2026-04-30,H,2026-04-30,2026-04-29T20:00:00Z,V2,0x17a882334a6ef7f24bf774aef72693668e6449f982c64f55cad78fe077264282,2,2,88,68,1,88,0,False,0,0,88,57,63,25,0,0,0,0,0,0,0,1776497538,1777554332,10081a14d022f59e80d7179d9176efeec151194cab6a598d7e19bba23b3dbf5c,f4f34bea355ed46bd1620330390822d894a76241fdfc8d83da0034ebfd107fa8,PASS_STRUCTURAL
2039914,EL|2026-05-01,EL,2026-05-01,2026-04-30T20:00:00Z,V2,0xe83891ec9a85382c39c6bf52bf6f3edc6322c6118f30001f70f2bb394bbf4d95,2,2,19,7,1,19,0,False,0,0,19,18,18,1,0,0,0,0,0,0,0,1777005354,1777629890,73303a2fe53df254e29924598c0126be167b76593b06d08a80950e0d4c3c1e20,675458bd75c19fbb900aaddfd76bd0748a09f68271ba955d330fd0fde38bc1fe,PASS_STRUCTURAL
2039915,GRAB|2026-05-04,GRAB,2026-05-04,2026-05-01T20:00:00Z,V2,0xd851aa5c9c195548b35a660a11cc955a2fbfa50fdcecb88c19d22b2f0adefd17,2,2,57,12,1,57,0,False,0,0,57,35,39,18,0,0,0,0,0,0,0,1777061148,1777932926,b6978840e63aa89022cb5655efa7ba6c3bfba55321aea1d3118af11ec958e638,94d1dc55d5bba69098260eba628028ee255c87489a0caae3f1df628f7bf20253,PASS_STRUCTURAL
2039918,HESM|2026-05-04,HESM,2026-05-04,2026-05-01T20:00:00Z,V2,0xa65efcfe126832f7e1d399d5b1ae0853555dc726817c803a6fa1e9750944def5,2,2,196,3,1,196,0,False,0,0,196,46,168,28,0,0,0,0,0,0,0,1777061086,1777904604,6ed7f3ed105f5edd7f0b9df3b9802d933a37669bf2d8cb6d3304173f00394644,f39a2bbe706fb84d59fcd0845908e27c7ec0d7a9d07800bf5ddce52d51bdef29,PASS_STRUCTURAL
2039917,WMB|2026-05-04,WMB,2026-05-04,2026-05-01T20:00:00Z,V2,0x0671183e690f3adf4726eaddf6972fd46ed0b77017b68342ce62a7b08d34b65a,2,2,79,6,1,79,0,False,0,0,79,36,24,55,0,0,0,0,0,0,0,1777421836,1777926774,239e6e964ec191a84b34e2336106994d34774cbc1799871be9bc387e842d52da,0c772680cf99454d8ac9d71e55dabd0dc7c77d5de7c4c17d07143f13da39b598,PASS_STRUCTURAL
2048148,EA|2026-05-05,EA,2026-05-05,2026-05-04T20:00:00Z,V2,0x6e6d8097f7abcdc0b620be34f6b65eb1f6c5fd13f3e7c28b4b1f30d1b5c10a0a,2,2,28,10,1,28,0,False,0,0,28,24,22,6,0,0,0,0,0,0,0,1777009010,1778021912,6d5129dfe0f10c2c4031b09bfb79c6b0519294df9b1d346ac927284e4a436d8c,f2f9888d54d13137b1efecd818ff256102043d6f635d8713911e7059662142f9,PASS_STRUCTURAL
2048140,NVTS|2026-05-05,NVTS,2026-05-05,2026-05-04T20:00:00Z,V2,0xe93a06dbe65c443e9da13a60b58d2251fcdb62a56d6a84db4bd8d2265f8a31df,2,2,125,55,1,125,0,False,0,0,125,75,70,55,0,0,0,0,0,0,0,1777644308,1778015184,6de67e291a78c7687c9347e2e69bd03ee0c4bf3d64bd07d1b50bb20b9cfaf6ad,ffda43aa2d31e3ff11d6bbcd23df76e6b77aa44dba6ea59e75485a6f37c9030e,PASS_STRUCTURAL
2062032,UBER|2026-05-06,UBER,2026-05-06,2026-05-05T20:00:00Z,V2,0xf45ddbb98b2f8751a7475b88c1ede53090f303b556badb6647c73060e56e353f,2,2,271,197,1,271,0,False,0,0,271,140,201,70,0,0,0,0,0,0,0,1777072396,1778070882,0be5cd4dc97e9cf310ede21eb41d12c008f34259357b8733711320fe9a23f1dc,55e3577793b6d8c8e836cb043ba66ce2ab3635de62ff8d185a9f7a3407dffeee,PASS_STRUCTURAL
2062054,DKNG|2026-05-07,DKNG,2026-05-07,2026-05-06T20:00:00Z,V2,0xfeb24dfa2bda5e212b2a955d3a8fb398ba2669b3505853f962b2f1e3f784a247,2,2,34,16,1,34,0,False,0,0,34,23,26,8,0,0,0,0,0,0,0,1777143564,1778189067,e64e7d066ca23fe2355e26047bab8680bb2896f3fdaf8a69627056465d304dbc,e610ad7887b0cbfa737dc6fe6a68af6d58ceac8236e9f7400124782edfc28e99,PASS_STRUCTURAL
2062068,WRBY|2026-05-07,WRBY,2026-05-07,2026-05-06T20:00:00Z,V2,0x1fd8758487019998112b151ad8909926a9eee8adb4bf1505926359d6c0765b6e,2,2,45,34,1,45,0,False,0,0,45,34,29,16,0,0,0,0,0,0,0,1777043542,1778157973,b1520d3ba46534169181c4a71b4f2c7f07d60e25c84b2cc62f5dee58928c6bd7,f6a5a050fc34614169e27ebd3a0405b41390b837ecae48689e1d9846de8f9259,PASS_STRUCTURAL
2110078,CRCL|2026-05-11,CRCL,2026-05-11,2026-05-08T20:00:00Z,V2,0x3f9b435ef787a1e2ac26c410668b29a4aecbc68a348b56ae4e152284e1bf4348,2,2,98,52,1,98,0,False,0,0,98,65,78,20,0,0,0,0,0,0,0,1777619420,1778499593,8a7755d593cf3d80b9f1923d74b354834baa2a0b788d328078b74fcc8825f140,ff7193ca37ea40fe78e6a7f0a02434bf67aed08ed01ffcb6802240df63c32d9f,PASS_STRUCTURAL
2110080,ETOR|2026-05-12,ETOR,2026-05-12,2026-05-11T20:00:00Z,V2,0x5112d5717618c96026e2770565c889068636b30e67ba5686f4d95dff153cb333,2,2,61,17,1,61,0,False,0,0,61,48,55,6,0,0,0,0,0,0,0,1777733292,1778587053,ff4ec7e37f52a577294547f405dbb67eb82c51272a9fa73ae469596962019948,9474066dce71bf3088979d5f97859bad1d23e812e4e75c2003aebbb7e65496c5,PASS_STRUCTURAL
2110084,CSCO|2026-05-13,CSCO,2026-05-13,2026-05-12T20:00:00Z,V2,0xc6062f0a5ec693f168a413ffa2537ed8ba5822539ba3f5e348b51cb22b4d6977,2,2,113,73,1,113,0,False,0,0,113,70,95,18,0,0,0,0,0,0,0,1777614288,1778710375,d3cf1b5c1cc5aa4be5cf63f34050a5ebed9899b4b30ebb0a86db5063698f5bdf,42fbea67a2db31c4fb4901732afb20b3460cc73d66ced18628a7b3a37ee2a0c1,PASS_STRUCTURAL
2129328,AMAT|2026-05-14,AMAT,2026-05-14,2026-05-13T20:00:00Z,V2,0x5b293de980ba084aa532ad472c499dc23fc4d5d0de3adf56fada1ea03a171f6e,2,2,53,27,1,53,0,False,0,0,53,39,49,4,0,0,0,0,0,0,0,1777973854,1778791785,e6143996fe5777a0b61dd6526e9f7d25b0c63174661b2c44a7f785df2c4836e6,6f8a951ca112633dfa0c7dcbb6caba03b8d6aa0087e57d17fd41a6f80f69702a,PASS_STRUCTURAL
2186408,INTU|2026-05-20,INTU,2026-05-20,2026-05-19T20:00:00Z,V2,0xcf02876e3eb1175dbea78dca8d1e3cff093a49454291e55824454c430ce943dc,2,2,27,16,1,27,0,False,0,0,27,25,26,1,0,0,0,0,0,0,0,1778956898,1779307566,cbea520f07366586c036fc4e812681998185850f655c0662e59c99eadbf15aaf,fc5cdaf33673f9a268fc33dd2617623f52173adbcadf6e22606f4e41c71d04f5,PASS_STRUCTURAL
2186409,DE|2026-05-21,DE,2026-05-21,2026-05-20T20:00:00Z,V2,0xfca880a3bb77dd613b23cd25750e6216583fe55bf1152287afb65a3bbb031139,2,2,47,24,1,47,0,False,0,0,47,39,42,5,0,0,0,0,0,0,0,1778712001,1779359840,12f38702d256f03dbff88c113df01c181d7701ab7a542d00f7bafeaab5d03085,508f99802b5740db17586943b29cfd94aa1ea702bf09aab14351446553c31b3f,PASS_STRUCTURAL
2357805,ANF|2026-05-27,ANF,2026-05-27,2026-05-26T20:00:00Z,V2,0x9ee34229046b0a1bd93a6751262cb4ae2c09837e88d0b4b50c38731ca9bb0e06,2,2,9,0,1,9,0,False,0,0,9,7,7,2,0,0,0,0,0,0,0,1779868629,1779881896,cb6abc98e9a8184b37db5619528ca2d904eaee6373063be82bf80dfcd04e3eab,7d932b306e0433e997d9878af9c733f5c6b45d67cf1986266326d67efc054116,PASS_STRUCTURAL
2357788,BRZE|2026-05-27,BRZE,2026-05-27,2026-05-26T20:00:00Z,V2,0xb9279c57ffac6ecbd09f946ba66d163f9040c6d8c3bf3d556b1b91fefda68e80,2,2,12,0,1,12,0,False,0,0,12,11,11,1,0,0,0,0,0,0,0,1779867212,1779920063,bea6144be26d64243dd3bda63c99da7ce854ba2b4a02e607f44578e867108c68,ef339aefc9cf04c90ece5b9aceeac95e55c3a596ebb3251db4cf47ef64084833,PASS_STRUCTURAL
2312767,PANW|2026-06-02,PANW,2026-06-02,2026-06-01T20:00:00Z,V2,0x75607002e5399920525bacc671f6d463bf9cd7bbe34bba178c23a4eeb4493120,2,2,101,46,1,101,0,False,0,0,101,74,82,19,0,0,0,0,0,0,0,1779365703,1780436443,975eeda6540a1fba63275b149571d3b757bdb848dfde7f717d9e12746e4e25be,85e06235a34ccba27bdd22715bffef25f18f68e5111dfb93162295ace0bf7922,PASS_STRUCTURAL
2335601,DOCU|2026-06-04,DOCU,2026-06-04,2026-06-03T20:00:00Z,V2,0x284ccd2c3561f511da4e0044136a4f2b3eacc5975dd7146ec64ada7797d8ddc4,2,2,61,36,1,61,0,False,0,0,61,45,51,10,0,0,0,0,0,0,0,1779800711,1780603546,2e08eeeb57365bdd7483a5ad7b40e0dace2a541ab4d446ccdf26800dd5eb93db,0673856bc63e673e18e2118d0c7c4ff83997d8f7bee6e414c461edd84ce1cc3a,PASS_STRUCTURAL
2335543,IOT|2026-06-04,IOT,2026-06-04,2026-06-03T20:00:00Z,V2,0x444c0a31383e7a10ab79215f4a6dfa5a58000a386b2269a1bf7ced08f90bf7c1,2,2,42,20,1,42,0,False,0,0,42,30,38,4,0,0,0,0,0,0,0,1779827408,1780607776,3306b5a08c98f0c243708f31d84045201f22ae59859309119d714cfd1ea38446,24de1a83c186e237a42ac58e16af3083011cfe436aa5bac6eff0a3e33943bcf9,PASS_STRUCTURAL
2387793,MTN|2026-06-08,MTN,2026-06-08,2026-06-05T20:00:00Z,V2,0x5d34bf520ef0a254cf01d32650d7e4127fbb472175f2d2296066d2f44642f7af,2,2,56,8,1,56,0,False,0,0,56,38,34,22,0,0,0,0,0,0,0,1780594335,1780951672,60b0f527971d51990c1eaef6f989e5886ab58107bbdb48957529583b8d49b054,201e1da758342796b8f438590a32f5b29fbb3bccb62d7ff0acb75b851a1028f0,PASS_STRUCTURAL
2387806,CHWY|2026-06-10,CHWY,2026-06-10,2026-06-09T20:00:00Z,V2,0x460926eee9af048f4f4e51295ca80b4d21421a6e0e71396ab591862532b43622,2,2,55,37,1,55,0,False,0,0,55,46,34,21,0,0,0,0,0,0,0,1780543377,1781093832,b80f6fa785d0be8ad55956f7fd4620b1954ffd603af0cfde3a3b71caf978725f,bac16280a778f6b09fcbd1fc1564a790f8850653266f26bd92264bed89b15531,PASS_STRUCTURAL
2700674,PEP|2026-07-09,PEP,2026-07-09,2026-07-08T20:00:00Z,V2,0x25799f122d237501c1018c011b248bb62bbca1f1e18fe1c59ce9f3b88db4a662,2,2,72,59,1,72,0,False,0,0,72,52,57,15,0,0,0,0,0,0,0,1782764332,1783594703,aa8919d0692d47c9c02fc483527f89a3d1331e781d2bea19c912cde21bcc5cda,34f244cbe30ffed9ea4758ce9e43e7bed54e967e063cfc199a7a1dc9c39b61a3,PASS_STRUCTURAL
2745655,BAC|2026-07-14,BAC,2026-07-14,2026-07-13T20:00:00Z,V2,0x256d6b3c0705e24ba4081a312f00a1dc412418bce36821e9e6ea8c50e7a1d583,2,2,36,25,1,36,0,False,0,0,36,28,28,8,0,0,0,0,0,0,0,1782892936,1784026210,cf85430d3fbe43bda1abdcceea9ba87e3536680b7e45e7d4a7fbb1a4ce6171d5,dd4108b740e2cb54aa6a49b7018ca29fa7a76a50b3ee10bbfb86d9a547cecdc3,PASS_STRUCTURAL
2775485,JNJ|2026-07-15,JNJ,2026-07-15,2026-07-14T20:00:00Z,V2,0x7290b04dbadb8aa552ac16c7ad9b84389674b83622b8f2f7e43f2fc1c334a93c,2,2,39,31,1,39,0,False,0,0,39,27,27,12,0,0,0,0,0,0,0,1783045243,1784111080,af5eeffb128ec3729cc8d334a763c99031474bd2da42fe816c51ef9911fa35fb,6797d40499a4a16878edafeb92b25bd9d81d89603388f86d39ac5fa0e2ef4839,PASS_STRUCTURAL
2775497,MTB|2026-07-15,MTB,2026-07-15,2026-07-14T20:00:00Z,V2,0x4955cc09fe325f52bad55c78a5992c6873f81a3cc38cf4cf4b40c7c39dc07043,2,2,21,19,1,21,0,False,0,0,21,14,14,7,0,0,0,0,0,0,0,1783039153,1784109602,a545435d4d78807eb630774fbddc9fb266316732dc36eeec12eb3bd100054558,ad579c12f1d8bb17f6434c87a307eb2438872b7de98c464cb810362cb705ede9,PASS_STRUCTURAL
2866596,MBWM|2026-07-21,MBWM,2026-07-21,2026-07-20T20:00:00Z,V2,0x4263c9d67e1e0ac6d873e0a730b894a5f2e7a15688eb25d47c09c7d99c6794e0,2,2,24,20,1,24,0,False,0,0,24,16,22,2,0,0,0,0,0,0,0,1783695596,1784626458,01765b005d14e81d594f554cf6f97baec8f5425be042dc7bc07c1a4bf8f7684b,f87eae310d43b0181cb1b75a081efdb5405691f9b88e4e6bcb0967cc22443198,PASS_STRUCTURAL
2866430,AAL|2026-07-23,AAL,2026-07-23,2026-07-22T20:00:00Z,V2,0x11c7752556a702723e5b7f15f06fc71be2fef5cecea5b164283bce9a3b88466f,2,2,22,15,1,22,0,False,0,0,22,16,18,4,0,0,0,0,0,0,0,1783694924,1784804554,c90024f8bf24f236bb7ef6029ab338a98bac7fe5ccdac637348076acd4ea1886,07825d8a95dfccae177fd4c8606af821dac4b90d4456ea324da8fd454daee9d6,PASS_STRUCTURAL
2910387,VZ|2026-07-24,VZ,2026-07-24,2026-07-23T20:00:00Z,V2,0x57c9cc74e572d6a7a079557c332e2f73d5b0adf105e76d0d7fa10fb4c95dab7e,2,2,33,23,1,33,0,False,0,0,33,26,21,12,0,0,0,0,0,0,0,1784020246,1784891641,96d7db3ae0d5c8b3619ebff9b3e56e683becd64c20da9315f7b062e788aa4dc8,e843feb9ec547824d52f705017b0b60ef9cb73f4d3bffb1f64afc6b08580b180,PASS_STRUCTURAL
2941073,PYPL|2026-07-28,PYPL,2026-07-28,2026-07-27T20:00:00Z,V2,0x886e4e085085f3e22e5d187872d974558b5aa8a2b8da97b838891b910328297a,2,2,112,93,1,112,0,False,0,0,112,82,77,35,0,0,0,0,0,0,0,1784188157,1785240133,a63676fea7255b3b9ca69427e2493b9d64bd86e351c1a46d740b91a74a9953c0,0eeec6279d9baabf4067580ff8bbc97a127a315bede142e22c01654dd5d11f7a,PASS_STRUCTURAL
