tx_hash,event_key,to,from,selector,input_len
0x72d68764742ea2c0099d482a7f3751864f91f53cf6072b52ec37cbcae62512ee,USB|2026-04-16,,,,0
0x6ad9002961633f6cc0f13447d20742812f2cff1e002dee0c7b5bfad699ebae61,USB|2026-04-16,,,,0
0x3efc7a991b90b0e418030c4508287b49e364b53823f2ad27956b7d26457847e9,USB|2026-04-16,,,,0
0x12565a59c6f5451f3b4f55dfb5b2b6cd3270a77b45573da52c9f0158f182c64d,USB|2026-04-16,,,,0
0x417a65b264fc71aebe071a3b4ff601bb1bcc451ffff429037787a58cfaa7e2a3,USB|2026-04-16,,,,0
0xb7e611dc028becec15ee0b8d81aa33911d86ef26744d9093d4c5ebf5b96afa1f,USB|2026-04-16,,,,0
0x47004d9863793de58cec533895373631e3f3ba32aac33d42462cc72db57bb178,USB|2026-04-16,,,,0
0x77378e40088e122c3084a5b15dab93a7a60018c9042fab083782677665d0f402,USB|2026-04-16,,,,0
0x136283d190b813fda462c1482892730e25df0eededabdea1c14e0506b00d7e94,USB|2026-04-16,,,,0
0x5626a1a3ea013de2ae6a2f3c8a613a2be64fd22f850c061976a274552ffd3f75,USB|2026-04-16,,,,0
0xb66229dd9ccb7786e4bf54b50cf73f0dc87439168bde28ce557417b6242b25cd,USB|2026-04-16,,,,0
0x66ac1aa9f09e71d0a592e36897a1625cdfaee2744135e8cc2260167ff8304c1a,USB|2026-04-16,,,,0
0x0534c1416f39773c5d083baba5b3e4380ac5b9ae5d6e8c170701e29fe547e22f,USB|2026-04-16,,,,0
0x5854e1c9aa3b25d4ffb2c45e56f46007b6b1665e3776dc95e5211f0dc73b7f1e,USB|2026-04-16,,,,0
0x58ef70dc1de8bd7d287ff7a6ef56e7472b8ce9a9e86bae313ebc659191e675fb,USB|2026-04-16,,,,0
0x27b7921df25eaced59ebb75c6f87b0ff93c957cfe02fce4a1d30ac446d3996f7,USB|2026-04-16,,,,0
0x0014e5128de2f8ce947d2193dc562393407e775d4dd5f81e1816d0d66abcf217,USB|2026-04-16,,,,0
0x01ed28d544f625383253ee8bf03c1b18797891ef0b6388fdd723cd9125bd84bc,USB|2026-04-16,,,,0
0x6e1581fbcfbba76e17cfdd383f09dfdb9acc5f9f28f66e9da8bab530c2463d1e,USB|2026-04-16,,,,0
0x2f1534a7365d6d8f2b089b6eb9d4d39ed8661703f2e92f1130a0ac5d46e2d2d5,USB|2026-04-16,,,,0
0xc966f94ae49852cdf8cfcd2f48d8fcd1a73f6366c2a1f108d526877d763da70e,USB|2026-04-16,,,,0
0xa8c513477bd8303a096325c4429290f2c98c1e873f017c03535f0e63ff8ab40b,USB|2026-04-16,,,,0
0xeac6fbd8cc9385dd749ef400a14aaf58cefc70b734c54a54ca0edc5edaed60d7,USB|2026-04-16,,,,0
0x91edc0e884c5d9a7ed7f87d0f7a0f1a937ad7eca2ef56ab2185fa4bfac354984,USB|2026-04-16,,,,0
0x9a486f83cbcc3e4cbea7d60761287a734a41efad0cf11178a12cb75e78219186,USB|2026-04-16,,,,0
0xa88a26e39226ddf73cf8a5282228ed9de698bf7ebeee9239f088fbf46c5a1106,USB|2026-04-16,,,,0
0xe27892c85ff8d197e60db54945d8ce18c5f770424bb0fbda6858d5390a047d1d,USB|2026-04-16,,,,0
0x18b7730b1777b7d5fa2ed2694043ae0252dbf47d995c63883f1d5c1ac79e82fd,USB|2026-04-16,,,,0
0xdd70bdfb0a74daf885b24eb7e1ec93f2d468122d40c2e7c4c9d21f8548f8a0b6,USB|2026-04-16,,,,0
0x1be1e1e3625a8f235d8357804067082823b9d3b3c19689ebd87ebaccb9c8334a,USB|2026-04-16,,,,0
0xece5223995b34a846b00fbdc15a560e9cc09fa999ed29ae1877a3dd1d2350e35,USB|2026-04-16,,,,0
0x7b741eaa26b040bfc64a5e6928fa9c821cc68b43de4468b953bb30c4cb5e33c3,USB|2026-04-16,,,,0
0x1c910b0e9731950263705b7b5679278431efd3d8cf8b46dd89d2dbe9090498c3,USB|2026-04-16,,,,0
0xe0c4359439c2fcb16bfca9636a26204869ac161e61f132d289782fd9634e6939,USB|2026-04-16,,,,0
0x65c265732207ee332ef5dfe8770cabda6acb224ddaded539fb405a581e76cbfb,USB|2026-04-16,,,,0
0xb5c410e954a72cc94e545271327aa95a8628eddf29b8d8f0c73cf1f0bac43def,USB|2026-04-16,,,,0
0x7aa0a2821f8d23829c4aee6b24d9dbcecbac0fd2afa622355ba61ba1ce4fa831,USB|2026-04-16,,,,0
0xb0bc4e0b87445241addaddaf94560172185c7c3b0f67136884d8e473d5ddeea7,USB|2026-04-16,,,,0
0x637cf4737e8cc042db4bd76e703b2a99424b4498a80c64d72025240b5dd98b2e,USB|2026-04-16,,,,0
0x82e74a35aa3e88ec19ce89d364f081909ef4778df4fd40b0cdcf7554ced2ee8a,USB|2026-04-16,,,,0
0x430224f562cc7cc1a072f26abbb3a766adbf6b55aab8c8b2abf832099be993ff,USB|2026-04-16,,,,0
0x6e7e618aa81786d0edebc95bf9515c1308892eda4069d1fcf854cf9c283bd5d7,USB|2026-04-16,,,,0
0x20728f51c618326089caba640c6ad1be46d935b3fbb00dc7f639fe6216392f72,USB|2026-04-16,,,,0
0x47ad17033da68fdd6fdd3f6471c68a293f74f25ca4f3f0a9d1d20b31636d7e58,USB|2026-04-16,,,,0
0x97b942123305ded6b0c5012b1d10848572735ecb9c7f59c142cb160e9c534a4e,USB|2026-04-16,,,,0
0xac614c0adaad77e16be6f65a4de75d9d547ef82609b2e42f5ffabe66d2493e98,USB|2026-04-16,,,,0
0x813359d5214ac8ef931d3250d7b42bda73049e34fe77dfbd3927b19d584ffb07,USB|2026-04-16,,,,0
0x51d7c7d9ddfe4608c6a70f25026212641523edc63ba946f943b04e1ccc496dd8,USB|2026-04-16,,,,0
0xf107a2c466992bc5168513adc3e66390ea4c439e5b36dd519578e37cd9b79041,USB|2026-04-16,,,,0
0x842b8d79e36e356cfb331e59a767b0054d303d56faa26e1c22fa56dcbafc465c,USB|2026-04-16,,,,0
0x2952cb24b07be107657d135d83451689125098c70c96992dafc1dcb9753c7d96,USB|2026-04-16,,,,0
0x557bf1de0961e5725aadfb617b635078afb8ebec34e6be711099db1c7b19501a,USB|2026-04-16,,,,0
0xd01d41944183edbd4c3ec4ebc11a8a2c159f0316cdef60ebc50d133d5fa58d1a,USB|2026-04-16,,,,0
0x500dd3a17a5c9bf8551f9071796297e82a002d5b3d5499872140345417318227,USB|2026-04-16,,,,0
0xe676ee086b6f4348a870240546df9289eb1163589fbd5c906cb6a9b3211114c5,USB|2026-04-16,,,,0
0x35c2188c9b1853fdd2be672ec588ea220e59c3d27f31de612e7497972d618294,USB|2026-04-16,,,,0
0xcf2f786ca94dbabc033b620a403440c705b41220e9f67e59268a65f4bf733e98,USB|2026-04-16,,,,0
0xcb118a3f834fc1935e0c8225f88914f65756b106594ceeef809065e03a5f6ca3,USB|2026-04-16,,,,0
0xa6289981f6f3bb7a9fe1f6e5436dfa6082c527a2ecc626d7478dcd7037452e91,USB|2026-04-16,,,,0
0x0eb0aa0c6214b3a1d27dedaf3258146e8a98e8968a26308c3a2c437cc5aadc95,USB|2026-04-16,,,,0
0xd518bf94461f2fdd879b293089e1d0bf01fe7bc3436c20cc9e00da3e21f436df,USB|2026-04-16,,,,0
0x52b54047f8195ffab21cadd9882df54ce90e29fce0582346ca4d14cbfac8d9b6,USB|2026-04-16,,,,0
0xb272ff49758937327e4e18fbebf461d4b7b4dc22785798da35cbdad358b945d2,USB|2026-04-16,,,,0
0xe535918669455cdc95e1f29ddc869b087d69f7cc5a78d9db485be8195fe160b3,USB|2026-04-16,,,,0
0x87247f28235a7a2434ef7b07b12d9981315da4f8a465ec51416a1a2f7a4443e4,USB|2026-04-16,,,,0
0x03d3e9cf9e179fd9798f2437b39c5ecb0bfdcaeb4bcbc35e625790c09e156b53,USB|2026-04-16,,,,0
0x1465434ebfd8da154998c82d08973ac36dc3a3acac0c03de71b38042e9fb8d12,USB|2026-04-16,,,,0
0xe80704c3232a4c10fdab597d17c31bc767629ed4ff1449ec903b6c0fa8527103,USB|2026-04-16,,,,0
0x94805f342ab980ccadea4594e8ccf855e0abed46f20c03a9f7cdcde40c56029c,USB|2026-04-16,,,,0
0x8e18665da5ec86536ec686e01f1b1514403d52fa16b5b11b7e789a65ce1d9db6,USB|2026-04-16,,,,0
0x7268b59ae9280905cba10f5e342b28099c2eb670fbee284d46aaf4805402e8c2,USB|2026-04-16,,,,0
0x68bb808aa685be0f69f87e7e5160764739ae6d00333510e4befeedda79c456e5,USB|2026-04-16,,,,0
0xed5f876e70b1360c2a09d7a6733663a2390f2b829538a7347d8bce2ff88b04bb,USB|2026-04-16,,,,0
0x7bf9ba5c9fd0f70841e6f6655a6fc8b0ac7bfa656c630b8986a4994f1af55191,AXP|2026-04-23,,,,0
0xf4f8dd0f0100968a985a58db00de0910fa3f23ac124ff7a14c660f2511c1cea9,AXP|2026-04-23,,,,0
0x3783059ecb39a93f170118abbee9670106bf6c2b208045aba59ab1fb0c046ba6,AXP|2026-04-23,,,,0
0xf79a6d3c5aa132e8a90b54628a9e18e11e1c689e48c553771d2c55b8f9e6dc9f,AXP|2026-04-23,,,,0
0x88a087823cd1c00410db1cb7595ebcb81ab4ae7ee3280687d8fca543e9a629da,AXP|2026-04-23,,,,0
0x89765c96212d5109be55c7c216be44afbf3a13bbe31b8444f36974cdef534a32,AXP|2026-04-23,,,,0
0x7e90a2a627d3f2939bf62f3033781bbdddacb6236c2e80b29efccd723c05b42d,AXP|2026-04-23,,,,0
0xf58c235bdab8bb0ba2610f852e1ef7b583b6b1c7b0363eada899911394603545,AXP|2026-04-23,,,,0
0x37a0e0b2bc0fa3c88b1877fe654e300ed86c9a28fc369f242124b4d986cba6e8,AXP|2026-04-23,,,,0
0x5c61890c1503a0482c76bf1ef4f90668a4a43e759c2442a71136d6242d2c5f90,AXP|2026-04-23,,,,0
0x68271a5232237c0c1d6331c8c41ff5fb7f0d8deb5012fffbfb3f6b46a61c858c,AXP|2026-04-23,,,,0
0x2bff9fbe87330f4ef744bbca17696c0b8bef928595ebcdec432093d518e60542,AXP|2026-04-23,,,,0
0x7b97f4290f7ccb25f40edbd60462722b75e443b6ce34a399843d44d98119d471,AXP|2026-04-23,,,,0
0xcb1b7a9e07206895445242dde30154a5be0f9fe3b1e31262b32f5616d72dae08,AXP|2026-04-23,,,,0
0xf9539487e944ac3818fdafe8966efb314c37d960730df3a6fd889a91753d9323,AXP|2026-04-23,,,,0
0x4d213cd848ed4e5fb1a571e2c3e9c3e7901a8bbaf7ed9c3ff17c677d3ab0bf5b,AXP|2026-04-23,,,,0
0x463433e0360a265545c2a317e728d41b28ba5054173ab34889afb94330dfe124,AXP|2026-04-23,,,,0
0xc806a91b62165e19857163753d26247959d290f3aa17b87e885710260e2096c4,AXP|2026-04-23,,,,0
0x028b90a5d9a78a6e24f3a4d16a7049ed3bf8f36e133f7944051f294e820376ac,AXP|2026-04-23,,,,0
0xbd1ee3f09c190f22e4e33eb279f4008c8d9f6637f5d966b0a8c33d2e8b8c825a,AXP|2026-04-23,,,,0
0x6fdc3165593481ef4bd6fca5a673ee56b2497aa44b06f0678cb3554243a8159e,AXP|2026-04-23,,,,0
0x231d3eff5064f971b61cbac3a4878185992b700553e6b78b079f8117b83c1b8c,AXP|2026-04-23,,,,0
0xa619fae07b67206cfeaf0ab05ead1b07de5629c963d4f11e8f1d96c175405b1a,AXP|2026-04-23,,,,0
0x4fc3ed55ca8899e8459973a0e961334a32c35fac6a1843c8dd9c8eb490441ffa,AXP|2026-04-23,,,,0
0x9f927e90a44c784fa2a24eaa666bb29b36193b43e11bd806fe1f5574670ce68b,AXP|2026-04-23,,,,0
0x8fa6bea65eeccc9b391c635c8ffb204a5d314584b89967ccdb7526008cd6b32d,AXP|2026-04-23,,,,0
0x6b4cd7e6a2a5ef618b0d7714eeb6981852cc1e8117e929f80adfbd18a96d286a,AXP|2026-04-23,,,,0
0x072b10977626e1671450b758164a7d31f0a731c75d09e082455cc7a2c9f7dc1d,AXP|2026-04-23,,,,0
0x4b495166c0d527e625bdab9300fd7eb921a1016eb331f53a378eb7321aab59df,AXP|2026-04-23,,,,0
0x76efebf2de3a5a46c3217d20b592dd706db96199e6e9e8bacb6ba0ba7e166349,AXP|2026-04-23,,,,0
0x0e5a5a236e7187c2b9755d937ec4a52ba330e5642b2d95c5df6b06eb7496e922,AXP|2026-04-23,,,,0
0x6014cd09dd1c86464d26b8286a4d1f860e4923e550acbc7b0a7aed7832e70d63,AXP|2026-04-23,,,,0
0x43aa1686dcfe0298a7d0c671b392c583d08bab887f5379b63c8efbbeaa855846,AXP|2026-04-23,,,,0
0x168c441181198c6f8f94efa2e46518034b5c2583d493f13de72dee2b66d9a534,AXP|2026-04-23,,,,0
0x6b6d40f029f52e604f71edf3615d5ed2c1c88c0c2da3849cfc44615f4a5c5d93,AXP|2026-04-23,,,,0
0xca2822862079a7d4597aaa637aa306f2cb714a99bf13cd9947588eba53e3594f,AXP|2026-04-23,,,,0
0x4baf933222c557a136c8533690febde20b0ea847b1bebc74e4cb5e385a3507f0,AXP|2026-04-23,,,,0
0x1cb1c4c6e120ade63ba8b7bf12b12a583a49f49cb81f696344c7df2e16ff5787,AXP|2026-04-23,,,,0
0x36fab80c199b94c8f0cd96611990bb421912fa095cd8d24d703e581e6362f809,AXP|2026-04-23,,,,0
0x2cb56a8ec1e8efb0cf0e06f00bd8558b72de76dc913b1c6fa7a107f056d7612f,AXP|2026-04-23,,,,0
0xea66c260c68682d14af9c81416bb768b05129c6f9c7660ab79b8757a9d7c9729,AXP|2026-04-23,,,,0
0x95d82edd158ef10fd389ee207305662524daf43acdc0b36f52db4360907b374d,AXP|2026-04-23,,,,0
0xd4f20848f52401056cbd7b0d5465ba9709baf6bb4af3dd65bb5b47c23da73748,AXP|2026-04-23,,,,0
0xce16d46a9da6daf3179072e72e2e2334e235b87c66e08420b4d2b11cb18efc03,AXP|2026-04-23,,,,0
0xd77df5e1e3240b6953e1d4d9f5a649f028513e5cfb7fff3729432e93db7e43c4,AXP|2026-04-23,,,,0
0xdb130ac0a59b573b17611ba8e3049eee39aa4a04781f1e5cc096d308094303e8,AXP|2026-04-23,,,,0
0x95a20b330331bb45ed02cbacc078e4910ee5bfb6c288705345869861c1e2d887,AXP|2026-04-23,,,,0
0x30018128d1a1ce301e8bfb46f814400d6fd0b27f7875e558988a269f1687cd9e,AXP|2026-04-23,,,,0
0xde6cd0a66e83b5a51659fda0c1aca91bbe67b1729aa11e2363b237c5630a1c89,AXP|2026-04-23,,,,0
0xc7eae91dc1114317e06314931390e6bade58ce4e9e824fd6dfa73e3a5363adf6,AXP|2026-04-23,,,,0
0x8a333a96d1e68feecca28346211bd87023dc01f51dcc3ea33c472f722ee98ff2,AXP|2026-04-23,,,,0
0xc53307d7615f94763fb121ab7c03c56f7bd3aa3c57822df93d08525a90d2978c,AXP|2026-04-23,,,,0
0x2ae6c48920a165da12ca2d7d3c047d1a0b62cc76bccde4ec0d18dca4bfebd164,AXP|2026-04-23,,,,0
0xcf62c1829531b57aef0efd96d6f830159a5a090fadb1a8c50993ee29ed840ae7,AXP|2026-04-23,,,,0
0xc8073755ddca7f75d3078b3cd62a498ed4a41852757dde6c992dfa7a112b1877,CBRE|2026-04-23,,,,0
0x8c76961b5b10e925fe50f0458997d1ac9b3cce7b078182df9ff1465e939d8f3c,CBRE|2026-04-23,,,,0
0x9c4668d6a2720a3b8e46c52e0dadc39fb334da74a00c6e435e4f33c1f0998e28,CBRE|2026-04-23,,,,0
0x5b0de3f0687235feeecf09b3ff48eb2112a752f06bbf425e80f82fb5af8b4932,CBRE|2026-04-23,,,,0
0x8b7bcd84e55aed06528408b71e37d352fd80905a60fa66de4804ce65893222d9,CBRE|2026-04-23,,,,0
0x030a93ace70ffebffd6e56c6bf72854c54305608fa24d39c43603e3530a022fd,CBRE|2026-04-23,,,,0
0xe53c4baeed7288d628eda0889598af48e306713ce48c1c8b416b76b152e8c635,CBRE|2026-04-23,,,,0
0x1003816b3cefe15627b61d861cda3b240300e738390032df0d1fe1d9164ef8a7,CBRE|2026-04-23,,,,0
0xb0ef8ec4bb394711a4ca1b70863ed018fd2a49dae830e3fc2a15cc15fee08bd1,CBRE|2026-04-23,,,,0
0xefd3c40c84abfd276532adc1eadcaca2876a82b9f7fb185fb15b88a136410ed1,CBRE|2026-04-23,,,,0
0xa22c0a6e1e27486175defa91bb050da5837d45a24eaa17bb0a89a518e68c3bd8,CBRE|2026-04-23,,,,0
0x4dcff2d52e1a7d148a13b784a194066b34c61c251c65c06c2e18a83c6932d874,CBRE|2026-04-23,,,,0
0x58d515a78961050c8d9f3d582dec9a993e5fe01b3b125b63bf9e456b48f3bd1c,CBRE|2026-04-23,,,,0
0x5aad18020baa8afaa897e0dc094de5a79278ef3065ab722687f8a7532f28f988,CBRE|2026-04-23,,,,0
0x39226311638d35fa1ee6f8417d40c3fe666e37ec2a236604741505f2ccd09953,CBRE|2026-04-23,,,,0
0x814b6a807987dc7f3ff082a27ab7806bb8c8c71d35d3c7a9de85cccfe3610585,CBRE|2026-04-23,,,,0
0xf8f1efcb289395380835748f4637eebbb945bbe3dc1863c9b3aaf3c27b67c190,CBRE|2026-04-23,,,,0
0x05acfb0886cef51e780d5bb1db63e1a2d15e8a44205113b1b39e561302db62fe,CBRE|2026-04-23,,,,0
0xdec5aa2355ae925c1cae0568773520b93b0b704ff944e391d341dcaeb8a97871,CBRE|2026-04-23,,,,0
0xe6c4771e760078f581f6ef7f310f09a24b9d9856d88457e20b0079bfec1bd4d9,CBRE|2026-04-23,,,,0
0x2b670754f38c75a313dedc293cb3425cb100d743eeff793d8a3fc278a0dd638b,CBRE|2026-04-23,,,,0
0xf89b0f77c27633af489f3f382867ba49283426d0c40d3c9b71e0ae7a3565dbbc,CBRE|2026-04-23,,,,0
0x4853e0affb19ca535bd130b8bdb11ea304efe8bb36d40288d9be3787a19fc890,CBRE|2026-04-23,,,,0
0x88c66a631ec9ad2f87bb873b915c1fbeed2b1b7bfb3d04d6f0f578f9986d22c3,CBRE|2026-04-23,,,,0
0xbe12828c641dd646943e5d09a63cd4301159af75af815f157787bc5328859646,CBRE|2026-04-23,,,,0
0xb74fcf66b931516344bc345eede8af0799779c7df9f948fa94878d1f7e3e0414,CBRE|2026-04-23,,,,0
0x4018adc91a389e96e3f14c5c93d91dc47ca23061fcf2b8d38dc73baf3df14f09,CBRE|2026-04-23,,,,0
0x5f3a59c31f2e88c36c8759bc23b0125655b51db19bbee70bb3f326136b9033dc,CBRE|2026-04-23,,,,0
0xb5b74733a242b0b77b4b2a56da3cfb7af3522b2438adc30c22104c7fa966fb85,CBRE|2026-04-23,,,,0
0x5f0bf6b00e1dcfe2d149d33299f1a24de4e3aba65c31e44e614488e4896914a9,DPZ|2026-04-27,,,,0
0x0e608f68d2de28013af1c8ddea3b24d2e7027c90412ee87d24044740e3d8ddc8,DPZ|2026-04-27,,,,0
0x9c91f012bd896cf59b20d503f73834a17912784e03003f10b42db18b8a28dba7,DPZ|2026-04-27,,,,0
0x9291c842621e0c50312941d3cb48c0b1df430869a9b961b06ef5f4e1167635f5,DPZ|2026-04-27,,,,0
0x243a2b6953ef5eada5b25af63d83e02522271b7e25d65f7c539c2880261904de,DPZ|2026-04-27,,,,0
0xf11d7736a5d6ab9fb0b734e629dce1f9e94c95405a2b4aebddd4ead3bb6330b6,DPZ|2026-04-27,,,,0
0xcff2b42d682ed8a27fbc5d4f0c36f9857e9db2d6258f315b1bd53dbcf502b3df,DPZ|2026-04-27,,,,0
0xb171c0293e54d18b7a214747ef06ec6c8de96f62963d61eaf78b569c4cbd997f,DPZ|2026-04-27,,,,0
0xe3687c95eb1d7137a9aaec7a7e3c481168072de666d95f09a2ed7603832483dd,DPZ|2026-04-27,,,,0
0xe243092b5636eeb118835c81dd2ecb43a1f716cf0b62f949b285b3f8a2b384f8,DPZ|2026-04-27,,,,0
0x5d636b06d988b61b571b7d3c2ae7644abfe8f905a4c62530be508c4dff22e7eb,DPZ|2026-04-27,,,,0
0x120fded1b91c1ba142e5333fe3e0c3a9f34cbb099c733b0e7d07d2a61720400a,DPZ|2026-04-27,,,,0
0xc3af13e601a0d4cf053f358d8511e5bddc97233c0e8d41a2217afac5c5622822,DPZ|2026-04-27,,,,0
0x33172dfe7ed1d69bd47e6abbf9935ef4624ced377da351d1cae8cc7e17eed2b7,DPZ|2026-04-27,,,,0
0x3d6640a62abbf2f5e5befea2950619ee1d945b0efb646f1d8a4d7bce910c256f,DPZ|2026-04-27,,,,0
0xf07cd10470560a5d8eb954ae8a9a32b873616657c4674569d142d3b12e11ad4a,DPZ|2026-04-27,,,,0
0x6b4c49441aa888ac906308b3ed3defe5eb2a73dc3cdd95450c92c522b605a186,DPZ|2026-04-27,,,,0
0xd8a0e14fca1283297f58e4b88c3593b0d4dab7e1bde881fa6068dc284d6dff6a,DPZ|2026-04-27,,,,0
0x38c623d57a1287fdaa771daff674dac4093790d8ec8665d666ec8cd0b46128f8,DPZ|2026-04-27,,,,0
0xa52183ade85c22975cd116540104f5c2c720f5238e550cc6dcb7f974c3b88855,DPZ|2026-04-27,,,,0
0xa583fa0074a82b6a0a4fd214a7a21f4890a43162a005340e6363624527bdcb43,DPZ|2026-04-27,,,,0
0x6851b0eacac4909d41ce7eda06cdbef410a65d4e297325f497c86ed40813bd77,DPZ|2026-04-27,,,,0
0xd5ae6112c8ebee661b5409d1c8ec884ec8894e0cdd2bcacf9e69287167496208,DPZ|2026-04-27,,,,0
0x4694dbd4c55df0e500115439e05fd8a011e28615ef45f0f7fd61fbe074d157ba,DPZ|2026-04-27,,,,0
0x19567c92e17da6091d56f51add741e580de4ec6eebc2f0774a284ab71a9a3493,DPZ|2026-04-27,,,,0
0xbba0c8f436ff324fa29ace5813d4e40bb1cd02c545a474ff4e75b8d07c1f7db2,DPZ|2026-04-27,,,,0
0x5020e4927d45bfa8359c402bbcd24186d274322cc58ba391e9fd3dbd90a67b70,DPZ|2026-04-27,,,,0
0xac1f6cc5e2ee84fc3595e231fbf0005069093064afd5e75aa34e239a5b112b0c,DPZ|2026-04-27,,,,0
0x75e78a4c1a25fabcb68797662f9cbe702efda378b5c35cba7ce95a3096fc7732,DPZ|2026-04-27,,,,0
0x5994e59e03fc7f03367f9fc4f9ca791a5589bab3a8102f282ecc872111c1a339,DPZ|2026-04-27,,,,0
0x60a7afc8062b4a59c3b19aeb8e5d160b3f07c7969e0631d4ba4053e28b560287,DPZ|2026-04-27,,,,0
0xc7ae1b4cad7f37234f98b8ede3d6b51bdaa80da3a73a3c5dc451ce55963fb67b,DPZ|2026-04-27,,,,0
0x447d8c840b7f756f53c66205120180c8053e750b6c997aaf4fd12b4def167191,DPZ|2026-04-27,,,,0
0xccfc7631c2c71ca46bdd5216fcdbf223e84ad488b5fa84680a8c5d6db0bed9a2,DPZ|2026-04-27,,,,0
0x9ca085127b2dc92d009fdc2d6889405560695ed06bb5d38afbb70ac0717e755f,DPZ|2026-04-27,,,,0
0x9024b6d2561e195d595deb024f9d51e479e56f5696116039976ee41242e7b943,DPZ|2026-04-27,,,,0
0x7d49baf031c29beab4f02aea75c7a631521ccb08ffca53d6ce1f04bfc859756f,IVZ|2026-04-28,,,,0
0x13efb847763e8c086bd0cc382ea502cf33ba6bd38c4d7c98b00e43064280669c,IVZ|2026-04-28,,,,0
0xe4ac2550a64cdb8c391d693a8a7268616751bcf45ed004aaf8a806038f0caf84,IVZ|2026-04-28,,,,0
0x5ea88627abc50cb0c173b6919599544281e1d38bec52e5046142dcb4427f3c91,IVZ|2026-04-28,,,,0
0x7355373275c05bb063de583dca56c5a0daf88662e6cbbfc84537a7a456bfabc7,IVZ|2026-04-28,,,,0
0x36a7045add62d363f83f4f0d6165701efb24903e6adfc26932c9c3b4e62737ba,IVZ|2026-04-28,,,,0
0xb0e2d67e60c160308cf4ade75f41d7bf5af1fa87538c0ceea367aae3266e332a,IVZ|2026-04-28,,,,0
0xde3fcc6ef53c895648f5b68b5268b45b56ab20de5475dd8884d227d8fca1b5b4,IVZ|2026-04-28,,,,0
0x8f9efb6c0e6ebbaad77f9b2748afb9bf63c6d83bcf31a9722b6d9ad7558cfee2,IVZ|2026-04-28,,,,0
0x1af0c7f929812abfd899a21ac21190b936fda906564ba799899b73a24ad9cf8a,IVZ|2026-04-28,,,,0
0xb450c2b72bd6adb28dd32d39924886cfd395b076611ca27578836525dceaaaeb,IVZ|2026-04-28,,,,0
0x8b1c8099440756edb74c2840fd4fdbe928bfd9e3ca1ba3c38620405cd18b6ea7,IVZ|2026-04-28,,,,0
0xf506a7baa1ee10b2b890973629d651f5890f3331858d630482740a943f3e27f4,IVZ|2026-04-28,,,,0
0x8a56f37c8740c6367ecb3c12077dce6303f6fcfd4574e516ca28ded6f0e2a83b,KO|2026-04-28,,,,0
0x55dc0fd54d352c3e5b54cfc0898c0814ed6248e36c30328e87154aaea8c558e8,KO|2026-04-28,,,,0
0xa9ca856897dc48286cdbcf29fb7981c559048e451c33d9ec560f17e89ad52e0b,KO|2026-04-28,,,,0
0x7bb38eb9791cc57b91f06f4f33a6d6448f0df0c34281715f641f1cb4c0f53313,KO|2026-04-28,,,,0
0xfc84e6fd777c3935d7bda5b6d4a6fb45b6addf3f7e23fc03df2ae6282fa3504c,KO|2026-04-28,,,,0
0xc312f470e883f5bb6714ce1cddfb2dd8744f358062de103a9ce0f4d301b2b313,KO|2026-04-28,,,,0
0x7894a2c19f486a5f329a408fd7baa64538c91409648fe9e3898773f800b38a83,KO|2026-04-28,,,,0
0x8c409be0232b4a5bb3c8ebf6a7b12d5a209d6e3f8b0407f442567a896561ea0b,KO|2026-04-28,,,,0
0x7091c787ac7d986df1da1270a8680cac63490f932efaab9df1756e82f53fa1ee,KO|2026-04-28,,,,0
0x1c338c51d58e024206fea27200184e6d5c0bfff32ff93bce0b23e99d671b7e97,KO|2026-04-28,,,,0
0xa3242e7f70ca5da2fc5bbb6995a504e66b9fd070adcfe915d61fd8ea2df4fa8f,KO|2026-04-28,,,,0
0x7496530664adf5a897d1f21b6da120333f6fd3682308626a18f88ff5ad25639e,KO|2026-04-28,,,,0
0x4ef776669436679f3a3b319b280dbfb4f46bbfaaf840cd51f634509907ee5f92,KO|2026-04-28,,,,0
0x47af37ae98c92417aca75a1be47579e70650da00de6c2e11992f1964168d4420,KO|2026-04-28,,,,0
0x75c1877665eb3fa33cca5a7a99e258830a350647bee42ebc8098bdb440df08e2,KO|2026-04-28,,,,0
0x08d33b78ec74aeeb222138c9ce5ce04d4791368127ed12d109fb69c4944497c3,KO|2026-04-28,,,,0
0xd9631c931aa91a8dfc09c003aabddbd4d5c798aa373f90a5b1bf59faa7dca54a,KO|2026-04-28,,,,0
0x641632cf7e7b055f0387b1d997cee5a42fadf07423497b2ff342293798db75d4,KO|2026-04-28,,,,0
0xb22e01352fa54065354a87dac6385ba98b39d357e73c67d49b8846918c3379cf,KO|2026-04-28,,,,0
0x75dec373b205e7e53facf37da98ce418b1bf55a5dde574d10a81585ba99bec25,KO|2026-04-28,,,,0
0x91c32599c48d195be7e3653ebd89809a0236f5dc22987b94129379122fd4545e,KO|2026-04-28,,,,0
0x8988b4a28bc9264c91db3155fb250a3a50949b032461aec146f8447743bd994b,KO|2026-04-28,,,,0
0x125f42678393c6daab3c388641b4350167793c3ea965d49e4413395c368bc28d,KO|2026-04-28,,,,0
0x70e6a35e198666e41aa55c899be12f469cdf32c477804afd1ec8067ed7dc2387,KO|2026-04-28,,,,0
0x21d1c3649a20b5ed9f5a16ebd2dbcc563ad34292a68e738de5b3f5bf46bdfdd1,KO|2026-04-28,,,,0
0x6c1e55cad49996dc9ae2250bd91f113a6668af37459d4eb09806232329b682d0,KO|2026-04-28,,,,0
0x825ba7501e922eaac6336a4e138c8001380db8e28d512490086c775b49f4cdbb,KO|2026-04-28,,,,0
0x36987e83c84949615da2b59f27dad6281f85cfdd6f4094d1d5461c5e16736946,KO|2026-04-28,,,,0
0x2696c02539a2b30f2c71169fe4ccea144f85b3cb85153c0c2ae4271841053df5,KO|2026-04-28,,,,0
0x6eba0dc0528347a551406268b7867b273f9700aec8ed11fc9de175ebec607496,KO|2026-04-28,,,,0
0x00d20e610ced42a223d020608fbeafd216cee5a8fcf98b8ad7fdd00f4a7f9ce0,KO|2026-04-28,,,,0
0xe32bd98bde77ea38e5b322cba65da01bcad92ebf21bf8c770e691316642fa00d,KO|2026-04-28,,,,0
0x7d133c9547bdf2c1a3dcc2eadae4ed218954d5d3a621acaeafe56718b2dd2080,KO|2026-04-28,,,,0
0x80ef16e3a55bb1edd0f4e1addf7902f85646730adc2b88a6ec098923f4fd9fb9,KO|2026-04-28,,,,0
0x94885617f810dacb60a73e7c114803f5a435c7e329747db085814ef15b84abf3,KO|2026-04-28,,,,0
0x24a0b6dd34beb4bd8069b4689485b092a2b56bddf9ba559874faa9fef7f1878a,KO|2026-04-28,,,,0
0x09a3f2e943959778d77ad61fe877bd7b842e2e1ae48b7ae983c1c87cd4e640a0,KO|2026-04-28,,,,0
0x80e03b44fbe20d0674632313f0f53f694f22aa14ec95157722b1ab848ce5ee6f,KO|2026-04-28,,,,0
0xa21d29c574e27d12f2f07742f356164ea22328fcb25a6358fd3d462ee9526f8f,KO|2026-04-28,,,,0
0x49424ff48b29dd62eaa54d4dd330c3f2393ac68e749003c2247c3b9a60336ac6,KO|2026-04-28,,,,0
0x6fb31d890753ba019bba5e7c5e3ab641a968f7125fc955f1866f6325455303da,KO|2026-04-28,,,,0
0x581a2a007d72c39ac47ed4a52ef3b6033c5dcd22b896f90dbee4822cc38bde90,KO|2026-04-28,,,,0
0x8ad57b661f3d377f450d38ed79cdb829dd30fabf80a5db38d85f754586e1e2d2,KO|2026-04-28,,,,0
0xf2ecc9a1039c623fc31f79708bdbdfe0217404ff87e7acea404f178145de178f,KO|2026-04-28,,,,0
0x7a2690c82c8b402357551af94403dc0654c61a225bd69ff14f4ab834df0e70cb,KO|2026-04-28,,,,0
0xf0fb3a2896cf2676fb9fa236a2c3902ce975f3fe0ff5e786bba5e14eb538233d,KO|2026-04-28,,,,0
0x017c9caf3962cc5e05f0e02222562fee9302ad75bae156010f494ca7a1c38194,KO|2026-04-28,,,,0
0xf515682ed7e4a5136a1c48179bac6f114e4e9554844a3b969f11c00abd78cc2a,KO|2026-04-28,,,,0
0xc0fd353cee8f53534cbea0cbb5d07f1ce69be20d462759e82f02ad4a30cace5f,KO|2026-04-28,,,,0
0x584d9a98dc3fa46f618d12fcfc9470cc04dd9e4b5cc8353308fac203aebd1bfd,KO|2026-04-28,,,,0
0x4e4e865409e1d28180fa5bcaa0a3634869fb236104264708d7640b3a5c7931d9,KO|2026-04-28,,,,0
0xced50e8d98680969ca47cd8a392863495cb4944c2671634a681db90cecaf372d,KO|2026-04-28,,,,0
0x590772389fe620dc4059abc44ff2bc2a0a2f2d0fbac8bc4cbb47db44cf0c6b3b,KO|2026-04-28,,,,0
0x83547aa22a392ed64f646f89cec972f38383c84513d68c8db4808571446a8244,KO|2026-04-28,,,,0
0x744c540bd50671cb111e782ad87fb787007971f14d4abade2c5ebc100a57ce55,KO|2026-04-28,,,,0
0x9a3814ddcd7ee41d42cb80686b044f4c88726224cbe40a96ee6b7844246e621a,KO|2026-04-28,,,,0
0x4665f5ffc85f56e4083ad8b4d888bcbad408dd8fa8c5e95ad1cf6ba9b19eda6c,KO|2026-04-28,,,,0
0x9d6d5dd7f6cdc4885dc75cb673f2d1cb2d782b97a3901fd9c03e5e1ebc08c08b,KO|2026-04-28,,,,0
0x2561dbeba8a82d3224cdf9108b97187268127400d1695e66b40d1bb918ac67cc,KO|2026-04-28,,,,0
0x9a6db7a3c4eb6565f86f03a3b7075c6fb0b2437a7e5a5209c88d1517c1517892,KO|2026-04-28,,,,0
0x1d07af1ade756646b8d909c908964c2c0dd7e9f951cd684353ae062516756150,KO|2026-04-28,,,,0
0x4ab1536c954119f2f07578b183b37e894085ed6bd2d76e0fbdf379758993d450,KO|2026-04-28,,,,0
0xf2d9cd480f03cea7e71cfd3f72883121091718b758f2e5245d0ad3d396cc4f6e,KO|2026-04-28,,,,0
0x6e35fc623f9f796f198b6dc5f9131b35c277e5d2411eabdfaad59362e92cfca9,KO|2026-04-28,,,,0
0x1b3a8da168c620f91e430ce28ea30a914760243120d25b56f69cd4d099810c55,KO|2026-04-28,,,,0
0x0130e83fccd2a13f949970f80ba09c8c8d77d20fe0b8d7bb9dd50be2bd8bbbb4,KO|2026-04-28,,,,0
0x4646e3349c2071eabf661707f5a920a780d5bb700ed0a7279704b729aff606ec,KO|2026-04-28,,,,0
0x909c0519dd24603a803d022b741d8dd266c65b0b48dc91ed9c617815e5a33410,KO|2026-04-28,,,,0
0x1b17e30391839be6cf9cc365bfa94afa934f5a63baa62c2c5c248395f1b92a29,KO|2026-04-28,,,,0
0x6b16ab0772f840d4d18d026d95f74e981d7607c8cc5db7d1a048d2c35818f736,KO|2026-04-28,,,,0
0x1f2754c308a5d57758cd665f77f18f289b56f042ed1903d7aaa8ad1fcda4c21d,KO|2026-04-28,,,,0
0x9797d640376cd2c2be05f18078939799f91c24f2ca0a6d037ab5bc8fc79dd685,KO|2026-04-28,,,,0
0x3423b309c53ad29fec08017751ad77e25c3c692a3954ed1025ab69f9cc336588,KO|2026-04-28,,,,0
0xed43c6d8e46b89614835f9a42f96cc13090a446233bd8e3d6686d5f482e31cac,KO|2026-04-28,,,,0
0xce8c817d766fd1a0d2799551ecb1a94885977b93fa39fff926b294acc7a0af26,KO|2026-04-28,,,,0
0xc77d988072952e7a3acd11c8e4e42996fd065817bccb3d2e5a8dc5800ca281f1,KO|2026-04-28,,,,0
0x0d9846d5f90c33a6c4fcf5c9a1821350a9fe6f6f2cf50409d4311b07d320672f,KO|2026-04-28,,,,0
0x5316071872e899d0045b5fb86ec9eeea236d4f8332b6ac7f37053d545ab376a3,KO|2026-04-28,,,,0
0x7d04f88be21b41b698d417b39376adce10e95562dbd3383f08f522613f0065d6,KO|2026-04-28,,,,0
0xe28103f51578da05b5034066e3a4131c35ce734ea66f93f3c6d4f7db51ba2c42,KO|2026-04-28,,,,0
0xd66ff570309897006df6c37e5d24f8fa61bed234cd5a05e865460528b48df4d8,KO|2026-04-28,,,,0
0x1ee9b75303dc88bae49c33aed472c043552aab212efc116378b4fe93ed7edb8a,KO|2026-04-28,,,,0
0x780bde811806257b9589dea78c99ec7e9a9816109fd9921c9ab610af579e9e5f,AMZN|2026-04-29,,,,0
0xf6086eee6bd7d636594d8a7668700e04fd40583edb486f776dcfed87d89ed88b,AMZN|2026-04-29,,,,0
0xa6a6dc6a566d5de1d701b0438c4315ba8b2f81329da8b9a726f030134cefb056,AMZN|2026-04-29,,,,0
0xe243a5760af3cdf0ec038fdf72cf02bf700cbdcc709af736d74f91d5ddcb5036,AMZN|2026-04-29,,,,0
0xe37da63df2460bf09ef37a89caa8d2b5b2d46fcf1667c38e922a04fbb41747e7,AMZN|2026-04-29,,,,0
0x89de2bac49180b8e488824d3b00659b2224db5eb2a3d8969b17cd264ae9eb3a2,AMZN|2026-04-29,,,,0
0xcc31f1cc9fca029d017cb027f56c601c0c79ae4b99614aa8f7db725d6ace15d0,AMZN|2026-04-29,,,,0
0xd0b24f36a2be02860f4e7113874b2706ebdfaccd1417affb8c67d6cc0f9732af,AMZN|2026-04-29,,,,0
0xd5ca3baa1ccffd9aa9797a0aa4e78e62d95a3bfe443bd938d7966c9236e78e58,AMZN|2026-04-29,,,,0
0x9b8083547e2f300e360d696e167fe715e1c81e54dff2b32534b1e1ed4f957d6e,AMZN|2026-04-29,,,,0
0x08036600aaf957e1991c43d255bde30b05621d6ada303d8cc479d1aa942e5c41,AMZN|2026-04-29,,,,0
0x9363a6a67b9d802e15d2c13da3a76ef33dcf07cedbba6c9be6584df278065442,AMZN|2026-04-29,,,,0
0x12dd7dd6771fe64ab5fa5fc7df5f2b76d3c1570e98de0e74944775012aa3d796,AMZN|2026-04-29,,,,0
0x2b827a0d25e830eb21ab071c26a2caf319106673e24b346f26cbbae41e81116e,AMZN|2026-04-29,,,,0
0x9a745bba90f61da499ec596c1ec71c19c435f82735102f48088cb1b7801652a4,AMZN|2026-04-29,,,,0
0xe913ab69a25237dc531d6e406315fd57ca5afa296616c940143cbd2c8fdfc100,AMZN|2026-04-29,,,,0
0xedd3278e9b35eac14f6c0f5d8693b652b08644c096aae846065383907e42d57b,AMZN|2026-04-29,,,,0
0x480460af1815a72ab7b94beac3381c3dc9839d393f31b43d6cfff3e3eb8c7140,AMZN|2026-04-29,,,,0
0x1a09cbbba128fb0ccbe211d9482a3df2aa892a1db8a888d341cae6669126f62b,AMZN|2026-04-29,,,,0
0x55a0d5304d4fc78e5de119e82603d8af2cdc42f07f1e92d9444bfdb62a42713a,AMZN|2026-04-29,,,,0
0x7aabf9382a3fb6602403566ed02d86592f2f72dff5dca7653c670d185e2a3f21,AMZN|2026-04-29,,,,0
0x8995f49233399586c6a3dda9a27aa81a2c0af23e476d71eb915c34f7e4b1ef30,AMZN|2026-04-29,,,,0
0xd22652896cda2a812492d3c39117adda05a9f9584fa012d8d1ab997b5a84965c,AMZN|2026-04-29,,,,0
0x57666d75fb9036d7f7c9ebb51c9725033d7f7f01e46a6406c7b7798c6a28c827,AMZN|2026-04-29,,,,0
0xbf2e0313d700c1300f81407de325be4b8fa83b6cb22fcc639937d3e1dbafba3c,AMZN|2026-04-29,,,,0
0x651fec56a8b36e89010bd5ec41bbfd9cb61d18ae875bb9cc42ac27537e8f2da9,AMZN|2026-04-29,,,,0
0xa1b21d74e4445db447a5e6e436be94aa2c60a378a086bf33df93202d22baa832,AMZN|2026-04-29,,,,0
0xaef65683104da7e2ef6d38fecf12d21f02e15dabfc3066d2f50eeba9585b34a4,AMZN|2026-04-29,,,,0
0xbbb82d51a8da88e8766849911a57e4d501b1d973ca814e3e79ee75e93596ef9c,AMZN|2026-04-29,,,,0
0x6fedb888c383857ef324564c90336bb7c2f5e3c92d5d67a750399a3e318934c3,AMZN|2026-04-29,,,,0
0xbfd881a79d307e368fe630b96b45c7c968fa3e59991fe08d613d4f9b7ff5cd0c,AMZN|2026-04-29,,,,0
0x1dcfc886e2a901c8f872128a44b4ef7e8b42108c5413c04cac45703d9f16d960,AMZN|2026-04-29,,,,0
0x4761b8cde34b878b8dd2382e715e312cf524f72a623d04b40dc262a0f0800455,AMZN|2026-04-29,,,,0
0x841f7d68f159d7b3ed05a9948b826f0b85af1a300d68c441cb3202434e28025b,AMZN|2026-04-29,,,,0
0xdcc8a95b53b9aae0678410e549b0d34e9909b5e6e6fb67071bb0c1b2b27f1747,AMZN|2026-04-29,,,,0
0x4969f95e6a4d4e1f38d045e32f49dd4a07e82a1392ab7a7922df81eaeaf23374,AMZN|2026-04-29,,,,0
0xa8ea4519b1960d4a152da716b610f74d50d9b7105470965dbe0dd9ae0a430622,AMZN|2026-04-29,,,,0
0xacb347ac2b15a555e2c3370762049b9f0cd2ed5e35ea30e42feab19909f2c7a9,AMZN|2026-04-29,,,,0
0xd7d9d4383901ef6263bb1842a2bd5e8ff42d0721342fca17e554e7918abbbf68,AMZN|2026-04-29,,,,0
0xa76450b22bd404e53c80360372e038d2ac7aa9ca729a27c4bb68c0950431c603,AMZN|2026-04-29,,,,0
0x56ef8608935613956e58305b56aa16fb177219c393a47efedff3327ca23dd306,AMZN|2026-04-29,,,,0
0x925a758cb73a4a59f3f8d6cf6bc1c62a46d75300148de276b2cc819e8b56557d,AMZN|2026-04-29,,,,0
0x6ee78a6e04151169010422060ff09c34d1ae0760e7f9120bb555a64d5f4fe9bc,AMZN|2026-04-29,,,,0
0xde1be018104aa23ab135181af606ef50ac7895f39b65bb8d5dc7151cbef90c03,AMZN|2026-04-29,,,,0
0xa5bc69fceaf2b9c72d8485e6042ab02fa8e86a83f0352035d2b57a8e4069037e,AMZN|2026-04-29,,,,0
0x9df33fbdf2df711c675591f727096456ebc73fe2570c086244a6a7af9452e914,AMZN|2026-04-29,,,,0
0x2971afdffc7637d9dc91376ee19328552abc32fbe76b5d60b9f68603bd9ca71c,AMZN|2026-04-29,,,,0
0x15685f331937b26d6c8b31451a6710f05571cb09bcae6632d2fbb61add744492,AMZN|2026-04-29,,,,0
0xe7a6deb8934e9b36a610109bd4424dff4f38edd15607846a5979507adab2da44,AMZN|2026-04-29,,,,0
0x7a080c169153a147bc83e715e0e3a339cc2b79049cdbda0830853a638dd0ab3c,AMZN|2026-04-29,,,,0
0x95d38005d1bc94a411bd10f1856c7aa868a3e1eec88ef719e333b9cbbd4cd723,AMZN|2026-04-29,,,,0
0x7de8b15cc73f0070844d0ba9876e87029f60b0be793116e82eef275cf543c903,AMZN|2026-04-29,,,,0
0x63b0b2a02354f1405090d36d2605888a4057c9e82af1b6e5452ea701645a2fb3,AMZN|2026-04-29,,,,0
0x24aa5a216c0d1c7a12fd65bf965692f2d29c2dd680deac792814254db78b0799,AMZN|2026-04-29,,,,0
0xf75bfdf6b99f5b85c59923f2f840345d39d12e38ad0bfe1d76ce81227f2f9b27,AMZN|2026-04-29,,,,0
0x58267fd23bed2b7dd8a4b1d90b3eb69255d70b87c486fb2ce5e808db765299e9,AMZN|2026-04-29,,,,0
0x96c42351fb81389d6910df72a6596576c220612a502aa3ce622741dc1ae38245,AMZN|2026-04-29,,,,0
0xf3954beeaf1889ae0136eb1c71565602528a6b9b4637adcdfeaaa4541c42c6ef,AMZN|2026-04-29,,,,0
0xdf2d42439327d13c89a1f3b006a009b5df3e8fc4f82159f8e7d9f45df0515f4c,AMZN|2026-04-29,,,,0
0x329afbcfc96b3a58bc3b6b1b450c4c0188f504e36a519fb84af835c290b47730,AMZN|2026-04-29,,,,0
0xb46210c2a416da9a427eb77925b6854321ce30822f5c521255cf4a7d89a78950,AMZN|2026-04-29,,,,0
0x410494e09bf3237974dbdb53f81db44537484ae47b8c1a9aaf23615ec77f2b29,AMZN|2026-04-29,,,,0
0x06fa8937f6f942dd8f219563db47a4c7dd3faa79f3bdf857580608486c26ff3d,AMZN|2026-04-29,,,,0
0xdc56c612239796fd026d4d9d00b6bafef0938f43eecaa1893ac644f957e81a1c,AMZN|2026-04-29,,,,0
0x8c2761c743785cd2f5df6d8ebad715bc31306d564fb683fca3a3cd40e20f7023,AMZN|2026-04-29,,,,0
0x3b793dfaf1546164fafe54bc5550d552b9c2120aa5879f3e02ef4ab68395063d,AMZN|2026-04-29,,,,0
0x2faa55f182c0c7546b2b5e0d2d19d03843ec7fb13506d0b7b516fb8f05404c5c,AMZN|2026-04-29,,,,0
0xefff12f36a74d3f7ff9061a0b9bf2628cfb012908f78a40a67831b670dd2fe4f,AMZN|2026-04-29,,,,0
0x9817a878f9dd74e34b25dac76892353d5ac6b264e9eb4a22d65ed01a300a56e8,AMZN|2026-04-29,,,,0
0xa3fa56b9f933a148d918e28beef581f151d3bdb9aba64db12e4b8098614f8c5c,AMZN|2026-04-29,,,,0
0xadae8ccbf09a53a6f148abde6b43445a924f473610195d4a8f0c589f5b982f29,AMZN|2026-04-29,,,,0
0x21f709a0040ebfa11b5c6cca7d7edd243cc5d61efb172f27e2e5f86e87413fb0,AMZN|2026-04-29,,,,0
0x42722833528a0e9e99dd05a5d0594950480e46c36ea258d71012f6a9f4ed6847,AMZN|2026-04-29,,,,0
0x8e322aa3ebde8d27329b776c8ee44684761c8003178cf5410889b9f4513628a9,AMZN|2026-04-29,,,,0
0x6eb4aee57ad9f57dcdd650a4e876022ee9de6795501142b0084bc88acb7a0fb4,AMZN|2026-04-29,,,,0
0xa0921f039e2cc3b0ac7bb27477b9a22538274f14473e79f5a50628b2396dc884,AMZN|2026-04-29,,,,0
0xc44bd7d8ef738e63c1c35ba24c2a3f0bc6e14fbca29c70d01fd6d894d6fba532,AMZN|2026-04-29,,,,0
0x27fdc291367ceede223f25f55aa2b136e3d57df19449a2fc192c4114ada90481,AMZN|2026-04-29,,,,0
0x3ea14599da14a95942e3280e9169cc92599c9e8d1e340b5f2e591a2f2088efdd,AMZN|2026-04-29,,,,0
0xa12bff932e4e50987c820cbe662beb7e7650629ee6d2dea4e30479224a6811b4,AMZN|2026-04-29,,,,0
0x2057adea92bb8492d9a3b385e8963d45fde75eda875f89781c38fc63c8e62a80,AMZN|2026-04-29,,,,0
0x1d5d80638e7ddd444d72ca8a4842779f5c79d11fff5d3c267c1c971b25b02bd5,AMZN|2026-04-29,,,,0
0x99609dab754049e52614d32d28aa0902784b579daaf3feb50763052f978efa5c,AMZN|2026-04-29,,,,0
0xea69c5744e98669a98aecac834926a5b4f2cda434ece0fb3446aa62748027535,AMZN|2026-04-29,,,,0
0x89c279c1d79222c8247de345db751a3c97e06238470b755910dc77bc9e7a23ca,AMZN|2026-04-29,,,,0
0x7d0974bd48ec5e8c734b34b745fa6114d364045615329602c392c66d4a69ad04,AMZN|2026-04-29,,,,0
0x14e8cc6db998aca3d4c681f17cf3b724681ee7dddc60a8da63a762572d59fa79,AMZN|2026-04-29,,,,0
0x24a26c76bfcdbd29c35225a303817fb4fe344cc2c7b4bd1d502a825fb61f9773,AMZN|2026-04-29,,,,0
0x50ddfb0b428abf041716b161dff0e2a3f5ed04043c5ecc7dc2b3950bd15b7371,AMZN|2026-04-29,,,,0
0x9c8649dd70a75ddd2199abb0400cf7d51e009b3731bdc7a82f785fadf55b15bd,AMZN|2026-04-29,,,,0
0x4ff04fc93c106772cc872495d95210e4f8f3a8f29f38c49dfdb97d902db340f1,AMZN|2026-04-29,,,,0
0xfc4ac8b02198b188d42d88552aadac113537da361920f468cc5ee8fc90f143d8,AMZN|2026-04-29,,,,0
0x3760f9e55ca4f654dbe4c93e679934af64eaf3932e8e69d2853df5e096074b73,AMZN|2026-04-29,,,,0
0xb256d4220a041b113b21433ab7ecae307db9abecafe7b04e123d877ce68df8b8,AMZN|2026-04-29,,,,0
0xf394858290503cdb0355ad214bd7dbcf6546791beb389c4ad2ee4743e0849b6c,AMZN|2026-04-29,,,,0
0xbba23f8700b24637b271e7cf26a4659662d1de91457a2b79cc37d2d133744633,AMZN|2026-04-29,,,,0
0xc84c56440e231a7056bbfb45bafcd60d83c79a6bfd40ba42a685164f17d5af56,AMZN|2026-04-29,,,,0
0x205a72c80a3ae40f8a2f3e54d1ecf044a3d52c50aba51fe85f17722d2335c886,AMZN|2026-04-29,,,,0
0x15b7aa451419da048b8dc576da3c30b3a5d26a7b36075bd376ab7bc5deb7c110,AMZN|2026-04-29,,,,0
0x09f86de55bb4dd9b29344ce521e45821192f5b422b1003a192a5c7d0da9e16be,AMZN|2026-04-29,,,,0
0x5863279e5d00910ee9813184103f12da676e34bcbcb00693d647129c3795e267,AMZN|2026-04-29,,,,0
0xc10486b7bb708fa595619322dc1e92f1b8aef43d81c1959c8de584552fdf8247,AMZN|2026-04-29,,,,0
0xe9f549fbc5cb85cbc1851a62213b6eee06c6e9902ea0259ef9a899c70868565d,AMZN|2026-04-29,,,,0
0x4d27bbb825008efa1932a9ce442c87f38455848f86c7b845c0f82273bf423ffc,AMZN|2026-04-29,,,,0
0x16912fbd26dd47a9afce842bd88ba5760dff11a5b23ca89b298780b168eaa86b,AMZN|2026-04-29,,,,0
0x1c092a4a622c79c1b6afd7d1cbfc055acb3ead7f76c95767a7729f5334af546b,AMZN|2026-04-29,,,,0
0x05c84229366291a41fad3887f3b7697160f61e12e77feacbc486981a728e2d16,AMZN|2026-04-29,,,,0
0xa34bba10e25ae6db441d48dc5b83fd74759d339efcea1a7a7850e232126499da,AMZN|2026-04-29,,,,0
0x34c405eac3c98b7e3e2f26dda3733357510e761a27d5d60a110e34641e4c87aa,AMZN|2026-04-29,,,,0
0xc4faaaf35dcd86207a27b3ce79df35fba1efe1ff40650cb00afb83af7576d45d,AMZN|2026-04-29,,,,0
0x59d0769ec9e3fa49254c67a26c78ba82d98a4f968f02be986ed0590ea586cc42,AMZN|2026-04-29,,,,0
0xa9c5b0df4be025fcfcdc83775f9885be0841b6210d476613bb4820c8efedc6f7,AMZN|2026-04-29,,,,0
0xa5b0829c51755ec25c258eab22e0718ea54c0ad40800841cbffa71088cfab6bc,AMZN|2026-04-29,,,,0
0xabc0ff3ad910581f6d8ae4bd361d399fd322275da1f05afc5fd8961c92f86a14,AMZN|2026-04-29,,,,0
0xebcb466d3e9ae8b7470d1c36b1cff12b856d52448d2bfbc7709feab0e09da1d1,AMZN|2026-04-29,,,,0
0x0d82974ae588f6a2fc225cb0a5f7890bb0c525079884b2c150be0fbff73b2a64,AMZN|2026-04-29,,,,0
0xf7fcb33f665ca6fc11aeb1a2a91302e19aedb32133a916c0ae8c4402596e8a69,AMZN|2026-04-29,,,,0
0xc41a42ba7ff7d2ee77584074cfed3956106871fbdb55de94a6ea33f3e7f98e38,AMZN|2026-04-29,,,,0
0x86983aad9e84c2a89063b6036c19aac0c61d6520e23a17d04c80b1a8263a817b,AMZN|2026-04-29,,,,0
0x4b9dd4f18e5561eddbd328d9ca29a1ff77b52e665860b5492c73c2500487147b,AMZN|2026-04-29,,,,0
0xe783bb02d2570196cc7613795b8c1c7442ca8ab18edc4a9d35acbc2f152cd19e,AMZN|2026-04-29,,,,0
0x311affa2e3ca9caf09f7ed5a585f7dffa2bcaf0c06297775c4c225a4e9b9b6d5,AMZN|2026-04-29,,,,0
0x9c6b45ee3a12f89415c57a74309768f8ba39512ed50105bbe73bb460dae1965b,AMZN|2026-04-29,,,,0
0x8f883c26878c55af3728db52d72cf3c3b0b913755d20ee32d1cf6b7caff139ea,AMZN|2026-04-29,,,,0
0xa3b4fffd8a55d88aca494cd77af5753681fd7554f4b38af38d46fb84ebf7b40c,AMZN|2026-04-29,,,,0
0x8a61ed881c757a4e9b6efff22272808c7395b7733f639e37037d5f15acdd68cf,AMZN|2026-04-29,,,,0
0xb8e9000403423690c48244c10ebcea09ca9cc619baf36a2c3661fc89f41dfba8,AMZN|2026-04-29,,,,0
0xa62605dfea6b16dfc419caddce0d186bfd974a1073fab8781f8085f95335638a,AMZN|2026-04-29,,,,0
0x5c885d965cd93e1e23edba92ea5644cf033678d0783f437fe045a15e8758cd26,AMZN|2026-04-29,,,,0
0x32cb048f98d7764d8b488e60387065e878be2c8d4396c7c6df7b8d01fffb10f6,AMZN|2026-04-29,,,,0
0xb11fddd7c9196ac33f08ed3cb9d3e76f107cffb5d245705341a2e88010bf315d,AMZN|2026-04-29,,,,0
0x1f71f59034e9febfb71479fc61c3824949f85846d8ca217395557170bbde79ce,AMZN|2026-04-29,,,,0
0xc5e9fa63e7cd44a5db4bf53a318986cef9b9411b7008a13fbe925f5f57523709,AMZN|2026-04-29,,,,0
0xa0dfb59a49fdbfe2a6ce27fffb1287ed2718b095fe90bc7d0daec3ffb331e979,AMZN|2026-04-29,,,,0
0xa7c2a317a79b9017dd6f1b8fe836dd1129cd260f9280e48bc3a5cba7ca915512,AMZN|2026-04-29,,,,0
0xe31ce973ba9ab92fbf3ae77824156c0e58dc3ca3d5ed2ca27e8fc1683fbb8407,AMZN|2026-04-29,,,,0
0x8b9423005178a79a431f99b73cae33083637183cb1782c3d7adccdb17e3db84f,AMZN|2026-04-29,,,,0
0x7ec5d80557d9273ced4dcfecae0d43ec17c8ca168952886b24ded98f7323e37f,AMZN|2026-04-29,,,,0
0x8873c71671913252fb32a2d3a3e821d8cc8de3a723982d6e88b994b001d0cc72,AMZN|2026-04-29,,,,0
0x13a414ab532762c8bfaae64cd3974ea3cfb54fe1208a0ea1ab48ad03565ef672,AMZN|2026-04-29,,,,0
0x5ed97bf7ef70d86a1de6ffce20c34eaa8c6f668bcccefb0cb9c63294df9fc22c,AMZN|2026-04-29,,,,0
0xe4baa58780c519f7d33f512ca23444e5c52bb16d1a4e50c3fa068543cbb1a5c1,AMZN|2026-04-29,,,,0
0x15e9e1ef0dfecf1a25fd8f552cf5772467c93cf3730432e21f0fbbafa3c65d2e,AMZN|2026-04-29,,,,0
0xb4b947bb49748108ef468042036a2f4057e1bfc9cc68b396dce4f1df324f58b2,AMZN|2026-04-29,,,,0
0x8292923d68f353e5f4c64991148fb28eeaf2dc560b962560842b60fe35a39212,AMZN|2026-04-29,,,,0
0x4270a3b3e51426db960fc8b1e7090622746160674a790c5b94953f134b81842b,AMZN|2026-04-29,,,,0
0x8f09fd6c36c44253f07759712483acdfbb94b35605c4fe4314329d44df9e94a6,AMZN|2026-04-29,,,,0
0x3c107f606b297e3fe413b230bc914df46a2ef7d5aa10f9e41b65394912b142be,AMZN|2026-04-29,,,,0
0x2e62164355208a83c2f869bd4a3bb131a5a07212bb51d98856117b9988a02966,AMZN|2026-04-29,,,,0
0xbd3ae82bda2e981fe2780168695945b0b0129e7422ffc01f4b7c919129baa5b6,EBAY|2026-04-29,,,,0
0x11a8e199e7c14d33a6ad87de870ea9f9bf48ee31a706965798ba45a1cd1733aa,EBAY|2026-04-29,,,,0
0x71facede078aedbe4db9c9c6a3e3f0630acca92046f0cfe85563b205dda77ae7,EBAY|2026-04-29,,,,0
0x507d6d6ae849a464ce7edbc1b279dd708215e9257aac1129466cb6209d08b00c,EBAY|2026-04-29,,,,0
0x4158110a257d8f89c17cfb3ff4382137252366ada4ba641e476993cb3509a69a,EBAY|2026-04-29,,,,0
0x5764bfcb7ea543eed9506a30f6a8205d0ebc53c8f61742b48b8377a561865f6c,EBAY|2026-04-29,,,,0
0xe187e2342322f140320ba711c25c3f9f206b855a706b320bb7aee2c3394d3834,EBAY|2026-04-29,,,,0
0xe46c299fa499ff87697e078b4fa23eb4fbc27c50b26216fdd0a5a52ad30cdede,EBAY|2026-04-29,,,,0
0xa97d9ea0be5e8d1979880dcc70946de2a3a7c680086a84065f5b98073375ee3a,EBAY|2026-04-29,,,,0
0x5856f21c80d33c59418a34dd28005d1ecbcaf9df0ba368df169e90afc44a5109,EBAY|2026-04-29,,,,0
0xe23c9700ac343717dbf2adfebd924f93472cc50e085b5c07fee7a6935da55226,EBAY|2026-04-29,,,,0
0xd5c0e6f53ad1ab5006f99767abfd9bc78b03f76535cadd6d770b16f5c6972ec9,EBAY|2026-04-29,,,,0
0x176e3baf1a7d53634ecace3b92fce3fb6c4ba439e2c6475da62de2210b3874fc,EBAY|2026-04-29,,,,0
0xce8e708c0a2b0d08bb2343c92db7274f5cf9e826eff85c9bc4d36ff770a5a396,EBAY|2026-04-29,,,,0
0x9be6da141ca76eb74f955dd65e639af563e672d6f06663937792fc6267a0bdf8,EBAY|2026-04-29,,,,0
0xdc476cbaba7ee78613fe37301909bd70182e21ae41953d2a65809dee3f61fd6d,EBAY|2026-04-29,,,,0
0x2abd07e06b5c01a457327006dee367ec8e130bb8e94f515e2300567f83d86673,EBAY|2026-04-29,,,,0
0x006642a6acaa35579f5f285fa591a31ddad742c426a8957a0e4ed0f3decdcaa4,EBAY|2026-04-29,,,,0
0x3366f2177b236536869d5099d79aafa677c001db74c6cf8ffa38b7ac7b53dc97,EBAY|2026-04-29,,,,0
0x2930e267b9c993d4bb33a16c1f122dba2caef405c06ebf0ca87968a81b51de2f,EBAY|2026-04-29,,,,0
0x3b664c42dfa533dcf5b3471ad35cbcbce30e5d06beedb16a55e8c9ef007d980a,EBAY|2026-04-29,,,,0
0x1b35b6fa42816117ced605d8c0e94363e11593198eee2bed901bb373b50ad495,EBAY|2026-04-29,,,,0
0x42c5bef63c3f85c4fed34c75cba3714c6550f3e6407a7c4cd86fe35b10758f99,EBAY|2026-04-29,,,,0
0x24d6deabc83641a0817d55dccd634c7f9156588735fd3b8920c9df3e2b943b51,EBAY|2026-04-29,,,,0
0xa3533a4ba51a510062b27b25e3962fd08c67a094e1b4a1528e820143009cdf0a,EBAY|2026-04-29,,,,0
0x57ccee5860076dfc626536050dde1ebc48161e324359400785833fdccace3f3f,EBAY|2026-04-29,,,,0
0xf9087518974baa01b517df2a6606db43aa6095dbcc19fb44ea2b9d103183270b,EBAY|2026-04-29,,,,0
0xb5ce55b2838275e7678a2e0819072990a2afc65a0b0d72d6e7e0efc10e6d2542,HUM|2026-04-29,,,,0
0x60235664dbfea5ebf365e2b1f81b2478a97b7a6d64ff199d810e8a0d272fa574,HUM|2026-04-29,,,,0
0x139344a245784d76194a6d1ac46d7b73fd50ff77c994f18857dc886ee35655e2,HUM|2026-04-29,,,,0
0x64f021222a469ff3158d51b0f07179609e0be9dc706aad1ce135772ca5545e49,HUM|2026-04-29,,,,0
0x7688aaa0a1269a6d11ebddec1ce5f56f17849c61a156c95be3be5e081f6da83a,HUM|2026-04-29,,,,0
0x983511fa7eb7995adbd6be90c11a1dca680fa30def8998b2b426876e237da63a,HUM|2026-04-29,,,,0
0xb002427f5349ca3fb72571cd556182a742aa0f6b175bb41b2737ec6da26caf23,HUM|2026-04-29,,,,0
0xd01b5b6bbb1a566113e6899af59643b0a0bb00db42a88dc0e36e2f354cf4d3ae,HUM|2026-04-29,,,,0
0x19f6d6e2938e45033f557fa145943179cbf075a262558de3926788fb353da6e5,HUM|2026-04-29,,,,0
0x80e5fb74e9da7c241f2aaf82e67c67717de790b2b9ea14ce12d9c7f1b4c4b35d,HUM|2026-04-29,,,,0
0x7dc71ff2c69003b2a5aafd5c5c21bc5c8d1b7ec96edeef14f696f2b7fa30cadc,HUM|2026-04-29,,,,0
0xcb5ea371bcd48dfd4077829503d0faaedff13ba455edf8935cba96738e117f3f,HUM|2026-04-29,,,,0
0x9bb6845e4b0e386582d61bd503d6b9a19cd90d4aadf5ceb9edf068a7f03c5e4a,HUM|2026-04-29,,,,0
0x78286355cdb8d81eb80adc76ebe1ffb8798246730908fca86726dab4a700e641,HUM|2026-04-29,,,,0
0xbb50d965bcd01acd2b2f7458adc7da4ca5eab4d5fe9bc496a756f8bdfef113bb,HUM|2026-04-29,,,,0
0xa731ca2ebe3ea824dc03c98e177b60ccfd04aa1a1b2c70948d99ebaf6204fbb1,HUM|2026-04-29,,,,0
0x74ac4f5cae88f21099f70f4baa4d4f722dca731e7a982c5be7eee71cf50bd514,HUM|2026-04-29,,,,0
0x091277aac0a93d243a9995330e6aef9f4f06d88e50e79587ee7a9f3114eaa0c2,HUM|2026-04-29,,,,0
0xd709322caa8aa0b66a896c328446ba23409ad64379e4e64541c929d3832a66b1,HUM|2026-04-29,,,,0
0x6fd5b106ae40b883d16f710fe34218e95c8218882450793419168a3131675887,HUM|2026-04-29,,,,0
0x185581b8e73996b396da2ce800e7912aeff4f0641f99444eb787f888eabf8664,HUM|2026-04-29,,,,0
0x65a163795c7461a58a35474b497fbae2e55c53227b6e1e76a971dc12064eff07,HUM|2026-04-29,,,,0
0x9d074ac3d7446f1a33bed6aca29cefaeb92f0ec7e0bf21c9f8f18ea311c4cb88,HUM|2026-04-29,,,,0
0xfdc66ab8c6b087fc18e3487ed3d1f11648e57c40552860f647a4a8fcb1912b99,HUM|2026-04-29,,,,0
0x4036491d8294c99854c5927bbbfac08dce6c017b60a14602051be6480158e7f0,HUM|2026-04-29,,,,0
0xc168bde34d6a255eff9492ee69d1d675145054766f0a7fbb843a3629d211ea26,HUM|2026-04-29,,,,0
0x724b0ca314e4cf4cbf9cc145125d1e9520fec6b0de66e72adfd34acbfbd55351,HUM|2026-04-29,,,,0
0x7f58c9459e932924c3db8c4e9547c626467f71a5481c2e44c6c5bd0ae69eb259,HUM|2026-04-29,,,,0
0xbb6ef2885a74b27e3fdff742bb14e5562aa4885a88e6af418708e14dc5030463,HUM|2026-04-29,,,,0
0x658db118dcd7cf4b66eba753cb39da29ba897e571ea992d7bf303d5342e22766,HUM|2026-04-29,,,,0
0x51d30e08ebdf03f2ef566363fbde6ff645b7e5a77377bde75edb371245285355,HUM|2026-04-29,,,,0
0xeaee820832e584497e14c4ff7bc1f0a14f12acf0d879e9f4c2a7d682f5a6ed5f,HUM|2026-04-29,,,,0
0x6b8b7e1edfd56d53bb816a38b57586e79523bf7a5d50731c34c7a9e9a06466f5,HUM|2026-04-29,,,,0
0xac54cb40ec3dbcefc9256d8c184c6150184daffbf39a4454413299bad1b5ed9a,HUM|2026-04-29,,,,0
0x5fc9941bc812d420ff25ae8f1c2aaaa5082cca6fa800a4621c92fbbe70b732b2,HUM|2026-04-29,,,,0
0x6f1754692e006dbbdbd40b25fabe4c3515aa1fdf4332b4fcf670c440d3928232,HUM|2026-04-29,,,,0
0x131404f0421fe0d3e9946b30bf9623c47bd4c6df411a44b60f149158882523b6,HUM|2026-04-29,,,,0
0x2f3ec240f3b61a26b3f7facb2df05ba8204c26c5e084d76acecdc61d170f2d47,VIRT|2026-04-29,,,,0
0x7be018657dfb5e2d5bb41f5bb2261a80ffcfc4a28121807ac7e57e52d7a7dd47,VIRT|2026-04-29,,,,0
0x4b25baee193efba869af5f5239c62bdaa92f3fa01a1cf25bb0d8f999561c336d,VIRT|2026-04-29,,,,0
0x76f04b41f96e5e807661a6f27386fd259d7f21d71b349c914ac1abddefb56371,VIRT|2026-04-29,,,,0
0x1e0512c4e7ef889c121a107c7b7a8f5339c2638d0b683eaa32dc14dd741fc26b,VIRT|2026-04-29,,,,0
0xeed3a6d574f0d41fa631ad45a8cc9a27578d4d49c13105042f517af34ece3269,VIRT|2026-04-29,,,,0
0x6b66178c4f781e448f2f817e8caf01f06a90cb99a1535743d8aa5ff6d766e1f9,VIRT|2026-04-29,,,,0
0xc581579c4661acd3c9bcb309d6f65a42df077cc53d66a00e866e58a105ddd9ab,VIRT|2026-04-29,,,,0
0x0929c8b092061cad2393b750ece00ad277927b7cfd884e6bc17fdc14326a110c,VIRT|2026-04-29,,,,0
0x71b68389b7341e518d788b7a6962641525b0d29bab74503da786121380aeaa28,VIRT|2026-04-29,,,,0
0xa900186b826deeb370dc2d8bc6f40698b02306ede35f9b55bda39a062ba91f9b,VIRT|2026-04-29,,,,0
0x889a50bd20f16f7822cef7991338ee96525ff780103b1f7105da04569c896019,VIRT|2026-04-29,,,,0
0xc020a021f00422f6240de415ff6440ef43babcd6b978de334d1a61dc69a27e85,VIRT|2026-04-29,,,,0
0x813cccab917d1f19a618aac71fee25e916a2865de618780321be3fd8042ac4ad,VIRT|2026-04-29,,,,0
0xc997e833a0b784f3b8bab51fa9a419684de272b85af4fa972772ee3b80a901cf,VIRT|2026-04-29,,,,0
0x0e2aa736566760c4b45b63db5faabe16ea77bd1ca1839d1b0f1bdf8bfc96ea57,VIRT|2026-04-29,,,,0
0x4f6f24dee180cdd5d34d6e6383a7fe6d3a88b2825822498f3f6333cc2d160baf,VIRT|2026-04-29,,,,0
0xcee2ba2950b775524e5a361cca755605baecac0c84dffd78741abf93011193ce,VIRT|2026-04-29,,,,0
0xb4879b13c0500681b5091e12f57df1a0797450e3c0d452caad0766a93ec88bff,VIRT|2026-04-29,,,,0
0x32cf18792ce5db103f3814862eb7661d9f2a94a9ee9df7fb653ec65f7ec2b62e,VIRT|2026-04-29,,,,0
0xb57302f4cf55bfa0fdcfce5f558ade5af4b97ed014422a1a7c6cb216ec59ae5e,VIRT|2026-04-29,,,,0
0xf61805cac4027e5114ed407244b126666b9e71e54571ab2c02b24063b1719730,VIRT|2026-04-29,,,,0
0xe26061e93045181ebd447c5e61d9c5f5548ca2dedcf935a6ad0ac5c42f459511,VIRT|2026-04-29,,,,0
0x37bd6adf4ca985e35eb100a3bccae7378edf930b57f31521ccc25230acfbe4cd,VIRT|2026-04-29,,,,0
0x1dc1d34cc600c3c9c194252c7ffe1f851cb6e52669a7fa5ccaa3535e92431546,H|2026-04-30,,,,0
0x6b3bc7160d25742cbd19a05f6821eaacc371a69d5e7ed29c8c8df6b02f2245a7,H|2026-04-30,,,,0
0xb3c367e4381253ff1c4226345f00e190615b35d2ce677db0f46558bf4dc569ad,H|2026-04-30,,,,0
0xae56d78224f18a559307cf8cf78a45d0ec61803f2e8aaff16b4ba99fe3b3653e,H|2026-04-30,,,,0
0x0c8a60a0cd56436f661a752f0070fd7319defaadc595c43fb9077f95a62a716f,H|2026-04-30,,,,0
0xd13253872a65732285777ae64cbff4983851d11281c06a5afcac1990eedb2296,H|2026-04-30,,,,0
0x58a178c3c581eeea66958ba1aabab8f0e8409afe7c3c206eb90e215d022d3b36,H|2026-04-30,,,,0
0x0d935b6c9b19fbc6420f91357445adfa2fec16197ca3d5578ac3cfb54fc2da5e,H|2026-04-30,,,,0
0xe1ec5d157b80188881bc27986e438783649a4ca7f0bda501f4ac0bb2a6cf1b9e,H|2026-04-30,,,,0
0xb7a1e109051e04e9ab653fded5ec934ee0f9ebd1dcb68bf55f9ba4be352773b1,H|2026-04-30,,,,0
0x7b5f9bc254824e9c94cbc2af0dc9897e78405f8e91766702675d34c7e1d73a1d,H|2026-04-30,,,,0
0xb59ace548d39d044e2d008e129850a69004dba1b6be49dfdddc7516d91b6fe4b,H|2026-04-30,,,,0
0x5e2b26873b502b57dab8ca7565e6b897d68bf80c932d2c86954efd8369748aa2,H|2026-04-30,,,,0
0xf7ca1684296035af7fdd0b0b1e11bfda9a25c94a14cef3765ec9274148c2fec0,H|2026-04-30,,,,0
0x8a3f708ff8493b38bafa885736ab2ace9023a2da2f7073bdfc46d576e31cd3f6,H|2026-04-30,,,,0
0x0ad7a313960c41b6d7ee32d1e7d56c450ddbda8bed943674e02eec0eefd9d57c,H|2026-04-30,,,,0
0xb1e5d07a6567ee46be7985433ccae4d55140ea9917317bc1331a9856bc4df255,H|2026-04-30,,,,0
0x20963dc5d8b8ca5250aa77c36309b7b0ab648b7e9bd24de25885795facdeb0cf,H|2026-04-30,,,,0
0x5d11baf0ae58de4855eeaa6f759a26bad025aa0978a0ad8fc8ace990977c2ded,H|2026-04-30,,,,0
0xb3f3a04bedfdd5e84013dc7964132584b3a2483e4684d8e113de8866303a58fb,H|2026-04-30,,,,0
0xa2353b61b4808addb71bd009e9d383639ec5ae22a0de23a5bb5a45f1ca29b473,H|2026-04-30,,,,0
0x997bb1096c7105dbf301b0ee0889b1f65fabd146ba735ca498b0854897d65885,H|2026-04-30,,,,0
0x601a0c6c23a341437ae7e18e89ffe657a7995d50af7c048377dc055e6fc67a9a,H|2026-04-30,,,,0
0x8f60b7e844b1b149331d5ee1cf504faa1448f4e9a7637bc5f97b7733be4d9e11,H|2026-04-30,,,,0
0xf9ca4aa4f8a322206906d076682a1bbaec7694309102d5ac07e6fa782abec38b,H|2026-04-30,,,,0
0x03f8c536fae0faf0710c1fa5a4f14fe817e7fb160fbfe48ef60ace2cdf2be758,H|2026-04-30,,,,0
0x60b668af8469611403d6a1a642bdd0aa8e35c4d12011a60b2190a93317d46f54,H|2026-04-30,,,,0
0x80cfff40b4225411511c451a8c9e3ef0f4a217225d5149637671d0cc7d487215,H|2026-04-30,,,,0
0x492b45b2da7c3adae9b28d5795d9ce45daa2661674611de6307a779b3b38e56d,H|2026-04-30,,,,0
0x1b67d00dc33ddae3ead8de97adc3b3eb8fd35418eb0f9aa9af3b86c780fbbbb1,H|2026-04-30,,,,0
0x174d8236fef5be1936a04e2c10e2ffb0603ef193df604c306c281c9b381d03e6,H|2026-04-30,,,,0
0x45c62588770e48fb990b8fd8891f12b9347c59d8da6084ec78102612c67b77bd,H|2026-04-30,,,,0
0x6d7a55be2046c3d27929553cb8e5be5330561df970a5eb0feedd2d41cf80bbf0,GRAB|2026-05-04,,,,0
0x5e3eff4d0ee76202ae1b1cd3c8c088a345e404c4f9f6cae21623335932128515,GRAB|2026-05-04,,,,0
0x55c730f6602491ace3d7909b3e3e034b60a733a57e72b518630c90a23cd2fae5,HESM|2026-05-04,,,,0
0x0b2eb61e6bafa803f45de3cc14f013a8452cae2e191a1194ec702102522b312d,EA|2026-05-05,,,,0
0xc1e6bca424e206da0f08a01dd908a860addf2ec4f0ae4d5b9c13bb727c7a7dc8,EA|2026-05-05,,,,0
0x5e7178e4c970021773d0f2391746a46cb02e668381bfe24b81b487917d6415b4,UBER|2026-05-06,,,,0
0x7a178e90a571e1c6a4fd20c461c55b38275bfd358848bfc6bf4f93f362d3585c,UBER|2026-05-06,,,,0
0xed0ff3fe1c2916121ae04c136d7ae56932927a3173bb178245a516b3e5de6c8a,UBER|2026-05-06,,,,0
0x13d52571bb958ccf6f1a5b1d6d3fbf32e5ffb96ed649582cbf5e156764c03925,DKNG|2026-05-07,,,,0
0xd16ebfbde13b55f4cb5edc4df5e56743dbf2c9588ac2a5a571988cdd7d3b4540,DKNG|2026-05-07,,,,0
0x67d5407dd3c2e73792c0a44eebfbd3e693af6ea8087446587430abeb3066fbd9,DKNG|2026-05-07,,,,0
0x4de2676b791a00691ef21911d30098d59eb528f19fbe2161730bad4578dbbeaa,WRBY|2026-05-07,,,,0
0x788ce2f596aa71787128f8b5905993ddacd6fb5c755d8d7b972d221d8ce1355a,WRBY|2026-05-07,,,,0
