market_id,event_key,ticker,safe_cutoff_utc,gamma_start_utc,structurally_unavailable,yes_rows,no_rows,yes_raw_points,no_raw_points,yes_chunks,no_chunks,yes_boundary_duplicates,no_boundary_duplicates,yes_conflicting_duplicates,no_conflicting_duplicates,yes_bad_rows,no_bad_rows,yes_last_age_min,no_last_age_min,yes_first_delay_min,yes_median_gap_min,yes_p95_gap_min,yes_max_gap_min,yes_unique_prices,yes_status,no_status
549606,AVGO|2025-06-05,AVGO,2025-06-04T20:00:00Z,2025-06-03T21:34:19.809928Z,False,1331,1331,1331,1331,1,1,0,0,0,0,0,0,0.9,0.9,14.783333333333333,1.0,1.0166666666666666,1.4333333333333333,33,OK,OK
599915,BLSH|2025-09-17,BLSH,2025-09-16T20:00:00Z,2025-09-16T05:10:45.26Z,False,874,874,874,874,1,1,0,0,0,0,0,0,0.9666666666666667,0.9666666666666667,15.333333333333334,1.0,1.2,1.4833333333333334,28,OK,OK
598111,JBL|2025-09-25,JBL,2025-09-24T20:00:00Z,2025-09-15T01:55:22.49Z,False,14019,14019,14019,14019,2,2,0,0,0,0,0,0,0.95,0.9333333333333333,14.816666666666666,1.0,1.1833333333333333,6.8,56,OK,OK
619984,APLD|2025-10-09,APLD,2025-10-08T20:00:00Z,2025-10-03T21:52:17.209Z,False,7073,7073,7073,7073,1,1,0,0,0,0,0,0,0.9166666666666666,0.9166666666666666,14.766666666666667,1.0,1.1,1.4,44,OK,OK
613050,PEP|2025-10-09,PEP,2025-10-08T20:00:00Z,2025-09-26T14:11:27.212Z,False,17613,17613,17613,17613,3,3,0,0,0,0,0,0,0.95,0.95,15.583333333333334,1.0,1.1,1.55,149,OK,OK
619556,BLK|2025-10-14,BLK,2025-10-13T20:00:00Z,2025-10-03T21:40:58.259Z,False,14284,14284,14284,14284,2,2,0,0,0,0,0,0,0.9333333333333333,0.9333333333333333,15.2,1.0,1.1166666666666667,1.6333333333333333,23,OK,OK
620069,GBCI|2025-10-16,GBCI,2025-10-15T20:00:00Z,2025-10-03T21:28:39.731Z,False,17176,17176,17176,17176,3,3,0,0,0,0,0,0,0.9166666666666666,0.9,15.4,1.0,1.1166666666666667,1.5666666666666667,30,OK,OK
627451,AXP|2025-10-17,AXP,2025-10-16T20:00:00Z,2025-10-08T15:45:40.045998Z,False,11759,11759,11759,11759,2,2,0,0,0,0,0,0,0.9333333333333333,0.9333333333333333,15.366666666666667,1.0,1.1333333333333333,1.7,72,OK,OK
627454,CB|2025-10-21,CB,2025-10-20T20:00:00Z,2025-10-08T16:00:00.399362Z,False,17505,17505,17505,17505,3,3,0,0,0,0,0,0,0.9333333333333333,0.9333333333333333,15.2,1.0,1.1333333333333333,1.55,32,OK,OK
627652,MAT|2025-10-21,MAT,2025-10-20T20:00:00Z,2025-10-08T17:18:20.267395Z,False,17427,17427,17427,17427,3,3,0,0,0,0,0,0,0.9333333333333333,0.9333333333333333,14.75,1.0,1.1333333333333333,1.5666666666666667,35,OK,OK
637869,COUR|2025-10-23,COUR,2025-10-22T20:00:00Z,2025-10-16T22:31:07.351381Z,False,8474,8474,8474,8474,2,2,0,0,0,0,0,0,0.9333333333333333,0.9166666666666666,14.983333333333333,1.0,1.1333333333333333,1.6833333333333333,62,OK,OK
637870,DOW|2025-10-23,DOW,2025-10-22T20:00:00Z,2025-10-16T22:31:11.505154Z,False,8474,8474,8474,8474,2,2,0,0,0,0,0,0,0.9166666666666666,0.9,14.883333333333333,1.0,1.1333333333333333,1.6833333333333333,58,OK,OK
637876,HAS|2025-10-23,HAS,2025-10-22T20:00:00Z,2025-10-16T22:38:27.50247Z,False,8466,8466,8466,8466,2,2,0,0,0,0,0,0,0.9333333333333333,0.9,15.616666666666667,1.0,1.1333333333333333,1.6666666666666667,32,OK,OK
643022,JBLU|2025-10-28,JBLU,2025-10-27T20:00:00Z,2025-10-21T21:49:33.107Z,False,8515,8515,8515,8515,2,2,0,0,0,0,0,0,0.9166666666666666,0.9,15.55,1.0,1.1666666666666667,2.0833333333333335,42,OK,OK
647505,BA|2025-10-29,BA,2025-10-28T20:00:00Z,2025-10-23T21:45:32.629Z,False,7079,7079,7079,7079,1,1,0,0,0,0,0,0,0.9,0.9333333333333333,15.583333333333334,1.0,1.1666666666666667,2.1,66,OK,OK
647818,KHC|2025-10-29,KHC,2025-10-28T20:00:00Z,2025-10-24T11:27:39.188Z,False,6257,6257,6257,6257,1,1,0,0,0,0,0,0,0.9333333333333333,0.9,15.416666666666666,1.0,1.05,1.95,48,OK,OK
643045,SBUX|2025-10-29,SBUX,2025-10-28T20:00:00Z,2025-10-21T22:11:55.357Z,False,9933,9933,9933,9933,2,2,0,0,0,0,0,0,0.8833333333333333,0.9333333333333333,15.166666666666666,1.0,1.1833333333333333,2.1333333333333333,76,OK,OK
642124,TDOC|2025-10-29,TDOC,2025-10-28T20:00:00Z,2025-10-21T00:30:25.474Z,False,11234,11234,11234,11234,2,2,0,0,0,0,0,0,0.8833333333333333,0.9,15.633333333333333,1.0,1.1666666666666667,2.1166666666666667,93,OK,OK
647852,BUD|2025-10-30,BUD,2025-10-29T20:00:00Z,2025-10-24T12:52:36.758Z,False,7410,7410,7410,7410,2,2,0,0,0,0,0,0,0.8833333333333333,0.9,15.516666666666667,1.0,1.25,163.11666666666667,57,OK,OK
648376,CL|2025-10-31,CL,2025-10-30T20:00:00Z,2025-10-24T17:31:18.051Z,False,8572,8572,8572,8572,2,2,0,0,0,0,0,0,0.9166666666666666,0.8833333333333333,14.783333333333333,1.0,1.1333333333333333,125.2,63,OK,OK
657445,AMD|2025-11-04,AMD,2025-11-03T21:00:00Z,2025-10-30T21:54:18.424Z,False,5691,5691,5691,5691,1,1,0,0,0,0,0,0,0.9333333333333333,0.9,14.766666666666667,1.0,1.0166666666666666,1.7166666666666666,217,OK,OK
637875,HOG|2025-11-04,HOG,2025-11-03T21:00:00Z,2025-10-16T22:36:46.961Z,False,25606,25606,25606,25606,4,4,0,0,0,0,0,0,0.9,0.9,15.3,1.0,1.15,131.61666666666667,87,OK,OK
656808,FIG|2025-11-05,FIG,2025-11-04T21:00:00Z,2025-10-30T14:55:14.805Z,False,7550,7550,7550,7550,2,2,0,0,0,0,0,0,0.9,0.9166666666666666,14.883333333333333,1.0,1.0833333333333333,1.7333333333333334,64,OK,OK
655443,MET|2025-11-05,MET,2025-11-04T21:00:00Z,2025-10-29T16:28:26.153Z,False,8896,8896,8896,8896,2,2,0,0,0,0,0,0,0.9,0.8833333333333333,15.666666666666666,1.0,1.1166666666666667,1.7333333333333334,58,OK,OK
656785,SONO|2025-11-05,SONO,2025-11-04T21:00:00Z,2025-10-30T14:14:57.22Z,False,7590,7590,7590,7590,2,2,0,0,0,0,0,0,0.9333333333333333,0.9166666666666666,15.133333333333333,1.0,1.0166666666666666,1.7166666666666666,53,OK,OK
657080,DBX|2025-11-06,DBX,2025-11-05T21:00:00Z,2025-10-30T18:32:38.894Z,False,8772,8772,8772,8772,2,2,0,0,0,0,0,0,0.9166666666666666,0.9166666666666666,15.466666666666667,1.0,1.0833333333333333,1.9166666666666667,26,OK,OK
657007,EXPE|2025-11-06,EXPE,2025-11-05T21:00:00Z,2025-10-30T16:27:36.963Z,False,8897,8897,8897,8897,2,2,0,0,0,0,0,0,0.8833333333333333,0.9,15.516666666666667,1.0,1.1333333333333333,1.9333333333333333,27,OK,OK
657079,MRNA|2025-11-06,MRNA,2025-11-05T21:00:00Z,2025-10-30T18:29:36.714Z,False,8775,8775,8775,8775,2,2,0,0,0,0,0,0,0.9166666666666666,0.9333333333333333,15.5,1.0,1.05,1.9333333333333333,46,OK,OK
657065,NWSA|2025-11-06,NWSA,2025-11-05T21:00:00Z,2025-10-30T18:15:38.358Z,False,8789,8789,8789,8789,2,2,0,0,0,0,0,0,0.8833333333333333,0.9333333333333333,15.466666666666667,1.0,1.1166666666666667,1.9333333333333333,37,OK,OK
658498,SG|2025-11-06,SG,2025-11-05T21:00:00Z,2025-10-31T18:52:29.63Z,False,7312,7312,7312,7312,2,2,0,0,0,0,0,0,0.8833333333333333,0.9,15.633333333333333,1.0,1.1333333333333333,1.9333333333333333,49,OK,OK
658487,UAA|2025-11-06,UAA,2025-11-05T21:00:00Z,2025-10-31T18:24:29.823Z,False,7340,7340,7340,7340,2,2,0,0,0,0,0,0,0.9,0.9,15.633333333333333,1.0,1.1,1.9333333333333333,23,OK,OK
668460,CRCL|2025-11-12,CRCL,2025-11-11T21:00:00Z,2025-11-06T21:52:11.684Z,False,7133,7133,7133,7133,2,2,0,0,0,0,0,0,0.9166666666666666,0.8833333333333333,14.883333333333333,1.0,1.05,1.9333333333333333,55,OK,OK
668512,GAMB|2025-11-13,GAMB,2025-11-12T21:00:00Z,2025-11-06T22:05:11.616Z,False,8560,8560,8560,8560,2,2,0,0,0,0,0,0,0.9166666666666666,0.8833333333333333,14.916666666666666,1.0,1.1333333333333333,1.9333333333333333,38,OK,OK
675008,ACM|2025-11-18,ACM,2025-11-17T21:00:00Z,2025-11-10T20:14:02.053Z,False,10111,10111,10111,10111,2,2,0,0,0,0,0,0,0.9166666666666666,0.9,15.033333333333333,1.0,1.2,2.0,34,OK,OK
675497,POWL|2025-11-18,POWL,2025-11-17T21:00:00Z,2025-11-11T00:01:25.94Z,False,9883,9883,9883,9883,2,2,0,0,0,0,0,0,0.9,0.9166666666666666,15.7,1.0,1.2,1.9833333333333334,25,OK,OK
675504,NVDA|2025-11-19,NVDA,2025-11-18T21:00:00Z,2025-11-10T23:38:04.249Z,False,11343,11343,11343,11343,2,2,0,0,0,0,0,0,0.8666666666666667,0.8833333333333333,15.033333333333333,1.0,1.2,5.583333333333333,34,OK,OK
675507,TGT|2025-11-19,TGT,2025-11-18T21:00:00Z,2025-11-11T00:07:03.890402Z,False,11314,11314,11314,11314,2,2,0,0,0,0,0,0,0.9,0.9,15.033333333333333,1.0,1.1833333333333333,5.583333333333333,66,OK,OK
675540,BBWI|2025-11-20,BBWI,2025-11-19T21:00:00Z,2025-11-11T00:16:44.523Z,False,12744,12744,12744,12744,2,2,0,0,0,0,0,0,0.8833333333333333,0.8833333333333333,15.383333333333333,1.0,1.2166666666666666,5.566666666666666,74,OK,OK
696263,UNFI|2025-12-02,UNFI,2025-12-01T21:00:00Z,2025-11-22T00:14:29.265Z,False,14190,14190,14190,14190,2,2,0,0,0,0,0,0,0.8666666666666667,0.8833333333333333,15.733333333333333,1.0,1.2166666666666666,1.95,31,OK,OK
697446,CRM|2025-12-03,CRM,2025-12-02T21:00:00Z,2025-11-22T20:21:32.867Z,False,14424,14424,14424,14424,3,3,0,0,0,0,0,0,0.85,0.8833333333333333,14.866666666666667,1.0,1.25,1.95,27,OK,OK
697463,DG|2025-12-04,DG,2025-12-03T21:00:00Z,2025-11-22T20:33:12.742Z,False,15852,15852,15852,15852,3,3,0,0,0,0,0,0,0.8833333333333333,0.8833333333333333,14.9,1.0,1.1666666666666667,2.033333333333333,66,OK,OK
701955,CASY|2025-12-09,CASY,2025-12-08T21:00:00Z,2025-11-24T23:29:54.55Z,False,19995,19995,19995,19995,3,3,0,0,0,0,0,0,0.8666666666666667,0.8833333333333333,15.25,1.0,1.2333333333333334,2.183333333333333,54,OK,OK
1125126,TFC|2026-01-21,TFC,2026-01-20T21:00:00Z,2026-01-07T00:45:01.77Z,False,19919,19919,19919,19919,3,3,0,0,0,0,0,0,0.7666666666666667,0.8,15.283333333333333,1.0,1.25,2.9,71,OK,OK
1139951,MKC|2026-01-22,MKC,2026-01-21T21:00:00Z,2026-01-08T22:54:27.638Z,False,18589,18589,18589,18589,3,3,0,0,0,0,0,0,0.75,0.8,15.85,1.0,1.25,2.9166666666666665,56,OK,OK
1175892,UNP|2026-01-27,UNP,2026-01-26T21:00:00Z,2026-01-13T16:29:57.227Z,False,18974,18974,18974,18974,3,3,0,0,0,0,0,0,0.8,0.8166666666666667,15.25,1.0,1.1666666666666667,2.683333333333333,97,OK,OK
1244920,IBM|2026-01-28,IBM,2026-01-27T21:00:00Z,2026-01-22T23:06:24.840595Z,False,7057,7057,7057,7057,1,1,0,0,0,0,0,0,0.7833333333333333,0.8333333333333334,15.816666666666666,1.0,1.2,2.433333333333333,30,OK,OK
1244935,V|2026-01-29,V,2026-01-28T21:00:00Z,2026-01-22T23:11:50.882507Z,False,8492,8492,8492,8492,2,2,0,0,0,0,0,0,0.8,0.7333333333333333,15.383333333333333,1.0,1.1333333333333333,2.35,35,OK,OK
1230454,CMG|2026-02-03,CMG,2026-02-02T21:00:00Z,2026-01-20T21:08:31.265Z,False,18694,18694,18694,18694,3,3,0,0,0,0,0,0,0.7333333333333333,0.75,15.0,1.0,1.2666666666666666,3.283333333333333,69,OK,OK
1254013,EFX|2026-02-04,EFX,2026-02-03T21:00:00Z,2026-01-23T23:45:44.01Z,False,15656,15656,15656,15656,3,3,0,0,0,0,0,0,0.7833333333333333,0.8166666666666667,15.5,1.0,1.1333333333333333,3.3,33,OK,OK
1238099,QCOM|2026-02-04,QCOM,2026-02-03T21:00:00Z,2026-01-22T00:24:32.662Z,False,18497,18497,18497,18497,3,3,0,0,0,0,0,0,0.7166666666666667,0.7833333333333333,15.933333333333334,1.0,1.25,3.283333333333333,34,OK,OK
1321183,KKR|2026-02-05,KKR,2026-02-04T21:00:00Z,2026-02-02T19:21:14.355Z,False,2963,2963,2963,2963,1,1,0,0,0,0,0,0,0.75,0.8,15.033333333333333,1.0,1.2333333333333334,3.1666666666666665,27,OK,OK
1268878,RDDT|2026-02-05,RDDT,2026-02-04T21:00:00Z,2026-01-26T00:50:21.608Z,False,14151,14151,14151,14151,2,2,0,0,0,0,0,0,0.8,0.7333333333333333,14.85,1.0,1.0666666666666667,3.283333333333333,56,OK,OK
1321400,CHGG|2026-02-09,CHGG,2026-02-06T21:00:00Z,2026-02-02T19:31:14.721293Z,False,5833,5833,5833,5833,1,1,0,0,0,0,0,0,0.75,0.7833333333333333,14.983333333333333,1.0,1.1833333333333333,3.183333333333333,29,OK,OK
1237795,F|2026-02-10,F,2026-02-09T21:00:00Z,2026-01-21T23:27:17.814Z,False,27192,27192,27192,27192,4,4,0,0,0,0,0,0,0.7833333333333333,0.8166666666666667,14.916666666666666,1.0,1.1666666666666667,3.3,32,OK,OK
1238101,HOG|2026-02-10,HOG,2026-02-09T21:00:00Z,2026-01-22T00:24:08.609Z,False,27135,27135,27135,27135,4,4,0,0,0,0,0,0,0.8,0.7333333333333333,15.05,1.0,1.1166666666666667,3.3,45,OK,OK
1280186,MAR|2026-02-10,MAR,2026-02-09T21:00:00Z,2026-01-27T23:56:22.748Z,False,18524,18524,18524,18524,3,3,0,0,0,0,0,0,0.7166666666666667,0.7666666666666667,14.9,1.0,1.2666666666666666,3.283333333333333,23,OK,OK
1287905,CSCO|2026-02-11,CSCO,2026-02-10T21:00:00Z,2026-01-29T13:01:47.846Z,False,17738,17738,17738,17738,3,3,0,0,0,0,0,0,0.7833333333333333,0.7333333333333333,14.6,1.0,1.1666666666666667,3.3,32,OK,OK
1293041,PAG|2026-02-11,PAG,2026-02-10T21:00:00Z,2026-01-29T14:46:24.762Z,False,17633,17633,17633,17633,3,3,0,0,0,0,0,0,0.7833333333333333,0.7833333333333333,14.833333333333334,1.0,1.1833333333333333,3.3,25,OK,OK
1367585,EBAY|2026-02-18,EBAY,2026-02-17T21:00:00Z,2026-02-12T00:39:04.169727Z,False,8410,8410,8410,8410,2,2,0,0,0,0,0,0,0.7166666666666667,0.7666666666666667,2.466666666666667,1.0,1.2166666666666666,3.45,37,OK,OK
1339807,DBX|2026-02-19,DBX,2026-02-18T21:00:00Z,2026-02-05T15:05:24.564865Z,False,19056,19056,19056,19056,3,3,0,0,0,0,0,0,0.7333333333333333,0.65,6.783333333333333,1.0,1.1833333333333333,3.35,22,OK,OK
1339788,WMT|2026-02-19,WMT,2026-02-18T21:00:00Z,2026-02-05T15:04:44.765143Z,False,19056,19056,19056,19056,3,3,0,0,0,0,0,0,0.7166666666666667,0.6833333333333333,7.466666666666667,1.0,1.2,3.4166666666666665,36,OK,OK
1362677,CSGP|2026-02-24,CSGP,2026-02-23T21:00:00Z,2026-02-10T12:50:10.887861Z,False,19170,19170,19170,19170,3,3,0,0,0,0,0,0,0.75,0.6666666666666666,8.033333333333333,1.0,1.1666666666666667,23.266666666666666,64,OK,OK
1369645,RKLB|2026-02-26,RKLB,2026-02-25T21:00:00Z,2026-02-12T15:07:37.094247Z,False,19034,19034,19034,19034,3,3,0,0,0,0,0,0,0.6,0.65,2.716666666666667,1.0,1.2833333333333334,23.533333333333335,63,OK,OK
1369670,SHAK|2026-02-26,SHAK,2026-02-25T21:00:00Z,2026-02-12T15:27:38.968848Z,False,19013,19013,19013,19013,3,3,0,0,0,0,0,0,0.7,0.6166666666666667,3.6166666666666667,1.0,1.1666666666666667,23.266666666666666,38,OK,OK
1369646,WRBY|2026-02-26,WRBY,2026-02-25T21:00:00Z,2026-02-12T15:08:15.340013Z,False,19030,19030,19030,19030,3,3,0,0,0,0,0,0,0.6,0.6833333333333333,6.05,1.0,1.2833333333333334,23.516666666666666,63,OK,OK
1399742,BOX|2026-03-03,BOX,2026-03-02T21:00:00Z,2026-02-19T23:20:45.650752Z,False,15642,15642,15642,15642,3,3,0,0,0,0,0,0,0.6666666666666666,0.6166666666666667,14.5,1.0,1.1333333333333333,23.233333333333334,41,OK,OK
1403526,ANF|2026-03-04,ANF,2026-03-03T21:00:00Z,2026-02-20T20:01:30.331393Z,False,15839,15840,15839,15840,3,3,0,0,0,0,0,0,1.5,0.15,14.883333333333333,1.0,1.2833333333333334,23.516666666666666,49,OK,OK
1403853,COST|2026-03-05,COST,2026-03-04T21:00:00Z,2026-02-20T22:53:20.216899Z,False,17108,17108,17108,17108,3,3,0,0,0,0,0,0,0.6,0.5833333333333334,14.95,1.0,1.1166666666666667,23.283333333333335,78,OK,OK
1421510,CASY|2026-03-09,CASY,2026-03-06T21:00:00Z,2026-02-23T22:10:31.259166Z,False,15729,15729,15729,15729,3,3,0,0,0,0,0,0,0.6,0.6333333333333333,14.816666666666666,1.0,1.2333333333333334,5.516666666666667,38,OK,OK
1421646,UNFI|2026-03-10,UNFI,2026-03-09T20:00:00Z,2026-02-23T22:28:11.433704Z,False,19971,19971,19971,19971,3,3,0,0,0,0,0,0,0.5,0.4166666666666667,15.133333333333333,1.0,1.2333333333333334,5.516666666666667,41,OK,OK
1494785,ASO|2026-03-17,ASO,2026-03-16T20:00:00Z,2026-03-03T21:31:18.956375Z,False,18605,18605,18605,18605,3,3,0,0,0,0,0,0,0.5666666666666667,0.6,15.183333333333334,1.0,1.1833333333333333,4.283333333333333,449,OK,OK
1499778,GIS|2026-03-18,GIS,2026-03-17T20:00:00Z,2026-03-04T16:13:08.30399Z,False,18920,18920,18920,18920,3,3,0,0,0,0,0,0,0.5666666666666667,0.45,15.233333333333333,1.0,1.0833333333333333,3.716666666666667,144,OK,OK
1486791,WB|2026-03-18,WB,2026-03-17T20:00:00Z,2026-03-02T22:10:06.600818Z,False,21443,21443,21443,21443,3,3,0,0,0,0,0,0,0.4166666666666667,0.5,14.366666666666667,1.0,1.2,4.4,45,OK,OK
1555635,PAYX|2026-03-25,PAYX,2026-03-24T20:00:00Z,2026-03-11T00:03:35.243266Z,False,19872,19872,19872,19872,3,3,0,0,0,0,0,0,0.5833333333333334,0.5666666666666667,14.783333333333333,1.0,1.1833333333333333,6.683333333333334,54,OK,OK
1735232,DAL|2026-04-08,DAL,2026-04-07T20:00:00Z,2026-03-26T21:44:08.851337Z,False,17113,17113,17113,17113,3,3,0,0,0,0,0,0,0.06666666666666667,0.13333333333333333,15.3,1.0,1.2166666666666666,18.8,64,OK,OK
1891432,USB|2026-04-16,USB,2026-04-15T20:00:00Z,2026-04-06T15:04:08.910091Z,False,13194,13194,13194,13194,2,2,0,0,0,0,0,0,0.2833333333333333,0.26666666666666666,15.633333333333333,1.0,1.2166666666666666,4.4,30,OK,OK
1937066,AXP|2026-04-23,AXP,2026-04-22T20:00:00Z,2026-04-10T21:06:11.044831Z,False,17076,17076,17076,17076,3,3,0,0,0,0,0,0,0.9333333333333333,0.9333333333333333,14.683333333333334,1.0,1.1833333333333333,84.85,36,OK,OK
1937070,CBRE|2026-04-23,CBRE,2026-04-22T20:00:00Z,2026-04-10T21:10:33.336306Z,False,17071,17071,17071,17071,3,3,0,0,0,0,0,0,0.9166666666666666,0.9333333333333333,15.55,0.9833333333333333,1.2333333333333334,85.06666666666666,45,OK,OK
2003520,DPZ|2026-04-27,DPZ,2026-04-24T20:00:00Z,2026-04-17T19:50:08.743886Z,False,9963,9963,9963,9963,2,2,0,0,0,0,0,0,0.9166666666666666,0.9166666666666666,15.05,1.0,1.1833333333333333,85.0,58,OK,OK
1986795,IVZ|2026-04-28,IVZ,2026-04-27T20:00:00Z,2026-04-17T16:06:20.519378Z,False,14506,14506,14506,14506,3,3,0,0,0,0,0,0,0.9166666666666666,0.9333333333333333,15.616666666666667,1.0,1.2,85.01666666666667,27,OK,OK
1986797,KO|2026-04-28,KO,2026-04-27T20:00:00Z,2026-04-17T16:04:08.230359Z,False,14509,14509,14509,14509,3,3,0,0,0,0,0,0,0.9333333333333333,0.9166666666666666,14.766666666666667,1.0,1.1833333333333333,84.95,25,OK,OK
2044093,AMZN|2026-04-29,AMZN,2026-04-28T20:00:00Z,2026-04-21T15:27:52.086154Z,False,10310,10310,10310,10310,2,2,0,0,0,0,0,0,0.9333333333333333,0.9333333333333333,15.166666666666666,1.0,1.1833333333333333,8.366666666666667,100,OK,OK
2003538,EBAY|2026-04-29,EBAY,2026-04-28T20:00:00Z,2026-04-17T19:42:49.961247Z,False,15724,15724,15724,15724,3,3,0,0,0,0,0,0,0.9333333333333333,0.9166666666666666,15.166666666666666,1.0,1.1833333333333336,84.85,116,OK,OK
1921506,GD|2026-04-29,GD,2026-04-28T20:00:00Z,2026-04-08T22:58:59.535018Z,False,28467,28467,28467,28467,4,4,0,0,0,0,0,0,0.9333333333333333,0.9333333333333333,14.95,1.0,1.2166666666666666,84.95,166,OK,OK
2003539,HUM|2026-04-29,HUM,2026-04-28T20:00:00Z,2026-04-17T19:42:09.230565Z,False,15725,15725,15725,15725,3,3,0,0,0,0,0,0,0.9333333333333333,0.9166666666666666,14.833333333333334,1.0,1.1833333333333333,84.83333333333333,53,OK,OK
2003526,VIRT|2026-04-29,VIRT,2026-04-28T20:00:00Z,2026-04-17T19:48:07.280685Z,False,15719,15719,15719,15719,3,3,0,0,0,0,0,0,0.9333333333333333,0.9333333333333333,15.0,1.0,1.1833333333333333,84.86666666666666,21,OK,OK
2003563,H|2026-04-30,H,2026-04-29T20:00:00Z,2026-04-17T16:19:24.128449Z,False,17367,17366,17367,17366,3,3,0,0,0,0,0,0,0.8666666666666667,0.9333333333333333,14.883333333333333,1.0,1.2,85.06666666666666,106,OK,OK
2039914,EL|2026-05-01,EL,2026-04-30T20:00:00Z,2026-04-23T20:45:59.257194Z,False,10007,10007,10007,10007,2,2,0,0,0,0,0,0,0.9333333333333333,0.9333333333333333,14.133333333333333,1.0,1.2,8.366666666666667,65,OK,OK
2039915,GRAB|2026-05-04,GRAB,2026-05-01T20:00:00Z,2026-04-23T20:45:41.182224Z,False,11422,11422,11422,11422,2,2,0,0,0,0,0,0,25.683333333333334,25.683333333333334,14.5,1.0,1.2,8.366666666666667,70,OK,OK
2039918,HESM|2026-05-04,HESM,2026-05-01T20:00:00Z,2026-04-23T20:44:17.452457Z,False,11423,11423,11423,11423,2,2,0,0,0,0,0,0,25.666666666666668,25.666666666666668,14.8,1.0,1.2,8.35,28,OK,OK
2039917,WMB|2026-05-04,WMB,2026-05-01T20:00:00Z,2026-04-23T20:44:37.893388Z,False,11423,11423,11423,11423,2,2,0,0,0,0,0,0,25.683333333333334,25.683333333333334,14.45,1.0,1.2,8.366666666666667,55,OK,OK
2048148,EA|2026-05-05,EA,2026-05-04T20:00:00Z,2026-04-23T20:55:20.16821Z,False,15717,15717,15717,15717,3,3,0,0,0,0,0,0,0.9333333333333333,0.9333333333333333,14.766666666666667,1.0,1.1833333333333333,32.95,54,OK,OK
2048140,NVTS|2026-05-05,NVTS,2026-05-04T20:00:00Z,2026-04-23T21:04:58.485372Z,False,15708,15708,15708,15708,3,3,0,0,0,0,0,0,0.9166666666666666,0.9333333333333333,14.116666666666667,1.0,1.1833333333333333,32.983333333333334,97,OK,OK
2062032,UBER|2026-05-06,UBER,2026-05-05T20:00:00Z,2026-04-23T21:29:19.823791Z,False,17123,17123,17123,17123,3,3,0,0,0,0,0,0,0.9166666666666666,0.9333333333333333,14.75,1.0,1.2,32.96666666666667,93,OK,OK
2062054,DKNG|2026-05-07,DKNG,2026-05-06T20:00:00Z,2026-04-23T21:21:39.929802Z,False,18571,18571,18571,18571,3,3,0,0,0,0,0,0,0.9166666666666666,0.9333333333333333,14.433333333333334,1.0,1.1833333333333333,32.983333333333334,74,OK,OK
2062068,WRBY|2026-05-07,WRBY,2026-05-06T20:00:00Z,2026-04-23T21:14:39.962989Z,False,18578,18578,18578,18578,3,3,0,0,0,0,0,0,0.9333333333333333,0.9333333333333333,14.433333333333334,1.0,1.1833333333333333,32.96666666666667,54,OK,OK
2110078,CRCL|2026-05-11,CRCL,2026-05-08T20:00:00Z,2026-04-29T20:23:27.433262Z,False,12861,12861,12861,12861,2,2,0,0,0,0,0,0,0.9166666666666666,0.9,14.65,1.0,1.2,32.916666666666664,59,OK,OK
2110080,ETOR|2026-05-12,ETOR,2026-05-11T20:00:00Z,2026-04-29T20:22:45.778519Z,False,17175,17175,17175,17175,3,3,0,0,0,0,0,0,0.9,0.9166666666666666,14.366666666666667,1.0,1.2,32.983333333333334,54,OK,OK
2110084,CSCO|2026-05-13,CSCO,2026-05-12T20:00:00Z,2026-04-29T20:19:05.736983Z,False,18611,18611,18611,18611,3,3,0,0,0,0,0,0,0.9166666666666666,0.8833333333333333,14.033333333333333,1.0,1.2,32.93333333333333,130,OK,OK
2129328,AMAT|2026-05-14,AMAT,2026-05-13T20:00:00Z,2026-05-04T15:48:01.342425Z,False,13164,13164,13164,13164,2,2,0,0,0,0,0,0,0.9,0.9,14.05,1.0,1.2,19.816666666666666,129,OK,OK
2186408,INTU|2026-05-20,INTU,2026-05-19T20:00:00Z,2026-05-11T19:26:51.104862Z,False,11520,11520,11520,11520,2,2,0,0,0,0,0,0,0.9333333333333333,0.95,12.233333333333333,1.0,1.1833333333333336,11.833333333333334,9,OK,OK
2186409,DE|2026-05-21,DE,2026-05-20T20:00:00Z,2026-05-11T19:26:11.678052Z,False,12953,12953,12953,12953,2,2,0,0,0,0,0,0,0.9,0.9,12.9,1.0,1.1833333333333333,11.85,15,OK,OK
2357805,ANF|2026-05-27,ANF,2026-05-26T20:00:00Z,2026-05-27T00:11:44.595849Z,True,0,0,0,0,0,0,0,0,0,0,0,0,,,,,,,0,MARKET_NOT_YET_OPEN,MARKET_NOT_YET_OPEN
2357788,BRZE|2026-05-27,BRZE,2026-05-26T20:00:00Z,2026-05-27T00:12:59.673112Z,True,0,0,0,0,0,0,0,0,0,0,0,0,,,,,,,0,MARKET_NOT_YET_OPEN,MARKET_NOT_YET_OPEN
2312767,PANW|2026-06-02,PANW,2026-06-01T20:00:00Z,2026-05-20T15:34:09.585178Z,False,17486,17486,17486,17486,3,3,0,0,0,0,0,0,0.95,0.9333333333333333,14.933333333333334,1.0,1.1333333333333333,20.6,56,OK,OK
2335601,DOCU|2026-06-04,DOCU,2026-06-03T20:00:00Z,2026-05-26T00:09:58.218433Z,False,12624,12624,12624,12624,2,2,0,0,0,0,0,0,0.9333333333333333,0.9333333333333333,1.1,1.0,1.1816666666666606,43.13333333333333,14,OK,OK
2335543,IOT|2026-06-04,IOT,2026-06-03T20:00:00Z,2026-05-26T00:08:06.230556Z,False,12624,12624,12624,12624,2,2,0,0,0,0,0,0,0.9333333333333333,0.9333333333333333,2.966666666666667,1.0,1.1833333333333336,43.13333333333333,10,OK,OK
2387793,MTN|2026-06-08,MTN,2026-06-05T20:00:00Z,2026-06-03T14:23:39.188848Z,False,3178,3178,3178,3178,1,1,0,0,0,0,0,0,0.9333333333333333,0.95,14.416666666666666,1.0,1.2,24.65,50,OK,OK
2387806,CHWY|2026-06-10,CHWY,2026-06-09T20:00:00Z,2026-06-03T14:29:45.388773Z,False,8932,8932,8932,8932,2,2,0,0,0,0,0,0,0.9333333333333333,0.9333333333333333,14.3,1.0,1.2,24.633333333333333,56,OK,OK
2700674,PEP|2026-07-09,PEP,2026-07-08T20:00:00Z,2026-06-29T19:25:57.164831Z,False,12944,12944,12944,12944,2,2,0,0,0,0,0,0,0.9166666666666666,0.9166666666666666,15.15,1.0,1.1166666666666667,36.88333333333333,52,OK,OK
2745655,BAC|2026-07-14,BAC,2026-07-13T20:00:00Z,2026-07-01T01:45:01.179624Z,False,18267,18267,18267,18267,3,3,0,0,0,0,0,0,0.9,0.9166666666666666,15.1,1.0,1.1333333333333333,51.083333333333336,15,OK,OK
2775485,JNJ|2026-07-15,JNJ,2026-07-14T20:00:00Z,2026-07-02T23:55:51.79041Z,False,16972,16972,16972,16972,3,3,0,0,0,0,0,0,0.85,0.85,14.25,1.0,1.1,51.06666666666667,64,OK,OK
2775497,MTB|2026-07-15,MTB,2026-07-14T20:00:00Z,2026-07-02T23:56:50.182222Z,False,16971,16971,16971,16971,3,3,0,0,0,0,0,0,0.85,0.8666666666666667,14.25,1.0,1.1166666666666667,51.083333333333336,47,OK,OK
2866596,MBWM|2026-07-21,MBWM,2026-07-20T20:00:00Z,2026-07-10T14:57:11.194092Z,False,14644,14644,14644,14644,3,3,0,0,0,0,0,0,0.9,0.9,2.9166666666666665,1.0,1.0666666666666667,51.016666666666666,69,OK,OK
2866430,AAL|2026-07-23,AAL,2026-07-22T20:00:00Z,2026-07-10T14:30:41.374195Z,False,17505,17505,17505,17505,3,3,0,0,0,0,0,0,0.6833333333333333,0.7,13.4,1.0,1.1333333333333333,51.05,90,OK,OK
2910387,VZ|2026-07-24,VZ,2026-07-23T20:00:00Z,2026-07-13T22:40:50.928112Z,False,14188,14188,14188,14188,2,2,0,0,0,0,0,0,0.8833333333333333,0.8333333333333334,14.233333333333333,1.0,1.0666666666666667,36.81666666666667,59,OK,OK
2941073,PYPL|2026-07-28,PYPL,2026-07-27T20:00:00Z,2026-07-16T00:51:54.151622Z,False,16932,16932,16932,16932,3,3,0,0,0,0,0,0,0.8833333333333333,0.8833333333333333,15.166666666666666,1.0,1.1833333333333333,36.85,50,OK,OK
