event_id,resolved_family,independence_cluster_id,adjudication_state,adjudication_reason
11902,ANTITRUST_ENFORCEMENT_SINGLE_NAME,52c1aaa9c115d71e6cb2ed16,ACCEPT_STRICT_FAMILY,explicit non-merger antitrust enforcement involving a named company/conduct matter
79067,CORPORATE_LITIGATION_BINARY,c29fb3ac7fbaeccda37c7f0a,ACCEPT_STRICT_FAMILY,named company bankruptcy outcome
86448,CORPORATE_LITIGATION_BINARY,359104592ceb5ac86f9f1e88,REJECT_FALSE_POSITIVE,"aggregated multi-company bankruptcy question, not one named corporate event"
903632,CORPORATE_LITIGATION_BINARY,340015b326be6183542b52dc,ACCEPT_STRICT_FAMILY,named company legal settlement outcome
15472,CORPORATE_LITIGATION_BINARY,273736620a63029826b82c98,ACCEPT_STRICT_FAMILY,named company lawsuit settlement outcome
21319,CORPORATE_LITIGATION_BINARY,4df212cc639413bab380bad4,REJECT_FALSE_POSITIVE,personal/celebrity litigation rather than a corporate litigation event
903794,CORPORATE_LITIGATION_BINARY,142512d70d0a2380f218bb83,REJECT_FALSE_POSITIVE,political-person verdict rather than a corporate litigation event
11002,CORPORATE_LITIGATION_BINARY,c4cec09b3f9d48e247e61e28,REJECT_FALSE_POSITIVE,political-person criminal conviction rather than a corporate litigation event
903166,CORPORATE_LITIGATION_BINARY,66855891b4d4c92f8ae92421,ACCEPT_STRICT_FAMILY,named company legal settlement outcome
219986,EARNINGS_EPS,69a84a816e323923cc0ea786,ACCEPT_STRICT_FAMILY,named issuer discrete quarterly earnings/EPS outcome
69094,EARNINGS_EPS,16056cf297b5ad9ebe959d00,ACCEPT_STRICT_FAMILY,named issuer discrete quarterly earnings/EPS outcome
428546,EARNINGS_EPS,c155ff20af53f6a94e2ae548,ACCEPT_STRICT_FAMILY,named issuer discrete quarterly earnings/EPS outcome
87221,EARNINGS_EPS,8c24f167252516643ac23aee,ACCEPT_STRICT_FAMILY,named issuer discrete quarterly earnings/EPS outcome
179864,EARNINGS_EPS,cbf1f7bcfaff2fb1cb0cc47b,ACCEPT_STRICT_FAMILY,named issuer discrete quarterly earnings/EPS outcome
358470,EARNINGS_EPS,b1b3cc0774fe279b27f78c73,ACCEPT_STRICT_FAMILY,named issuer discrete quarterly earnings/EPS outcome
572856,EARNINGS_EPS,069410fb87e36d4b1e95ed51,ACCEPT_STRICT_FAMILY,named issuer discrete quarterly earnings/EPS outcome
715656,EARNINGS_EPS,1c4fcde0f549da3fc23fd2d1,ACCEPT_STRICT_FAMILY,named issuer discrete quarterly earnings/EPS outcome
559487,EARNINGS_EPS,5ceed5c319b44a8d03a48e6c,ACCEPT_STRICT_FAMILY,named issuer discrete quarterly earnings/EPS outcome
62711,EARNINGS_EPS,13fac72007c648b945051892,ACCEPT_STRICT_FAMILY,named issuer discrete quarterly earnings/EPS outcome
60662,EARNINGS_EPS,d199c8b4d64ca6f7d2da7333,ACCEPT_STRICT_FAMILY,named issuer discrete quarterly earnings/EPS outcome
686409,EARNINGS_EPS,0f8d5780614937f24f5a34bc,ACCEPT_STRICT_FAMILY,named issuer discrete quarterly earnings/EPS outcome
199211,EARNINGS_EPS,75dccde4ffdd1166fa1b9499,ACCEPT_STRICT_FAMILY,named issuer discrete quarterly earnings/EPS outcome
242205,EARNINGS_EPS,fcd47fbb6331bff4cd096007,ACCEPT_STRICT_FAMILY,named issuer discrete quarterly earnings/EPS outcome
53162,EARNINGS_EPS,c6ee886403e208e00e35c9ae,ACCEPT_STRICT_FAMILY,named issuer discrete quarterly earnings/EPS outcome
708245,EARNINGS_EPS,d9278dbf9bbecc204c6e048d,ACCEPT_STRICT_FAMILY,named issuer discrete quarterly earnings/EPS outcome
686396,EARNINGS_EPS,fd217ee3150c4fbe55d11d3d,ACCEPT_STRICT_FAMILY,named issuer discrete quarterly earnings/EPS outcome
192042,EARNINGS_EPS,23d0150e4941c38ce10f4738,ACCEPT_STRICT_FAMILY,named issuer discrete quarterly earnings/EPS outcome
326946,EARNINGS_EPS,f6e93f08dee462ebd0cb3216,ACCEPT_STRICT_FAMILY,named issuer discrete quarterly earnings/EPS outcome
326991,EARNINGS_EPS,d2aa40d279be939b63b5aa59,ACCEPT_STRICT_FAMILY,named issuer discrete quarterly earnings/EPS outcome
69198,EARNINGS_EPS,a25fdd5e957190aed1c5efcf,ACCEPT_STRICT_FAMILY,named issuer discrete quarterly earnings/EPS outcome
686377,EARNINGS_EPS,09317f14b44ec2cff5ac5c70,ACCEPT_STRICT_FAMILY,named issuer discrete quarterly earnings/EPS outcome
192666,EARNINGS_EPS,b4d150cfaf3a5567c961781f,ACCEPT_STRICT_FAMILY,named issuer discrete quarterly earnings/EPS outcome
729799,EARNINGS_EPS,b0e833271651016e2713bf05,ACCEPT_STRICT_FAMILY,named issuer discrete quarterly earnings/EPS outcome
196862,EARNINGS_EPS,9e7c91d450095a640c8dfe13,ACCEPT_STRICT_FAMILY,named issuer discrete quarterly earnings/EPS outcome
652170,EARNINGS_EPS,d483b681be85e330776b19f8,ACCEPT_STRICT_FAMILY,named issuer discrete quarterly earnings/EPS outcome
49945,EARNINGS_EPS,700d6f0c10ff3d622622a13f,ACCEPT_STRICT_FAMILY,named issuer discrete quarterly earnings/EPS outcome
67829,EARNINGS_EPS,8df370e08b5a0314af0a3b34,ACCEPT_STRICT_FAMILY,named issuer discrete quarterly earnings/EPS outcome
146165,EARNINGS_EPS,44c0e4aabf5635e59ddcf796,ACCEPT_STRICT_FAMILY,named issuer discrete quarterly earnings/EPS outcome
230135,EARNINGS_EPS,0dcc1c6f6e37fb21257b8c2e,ACCEPT_STRICT_FAMILY,named issuer discrete quarterly earnings/EPS outcome
89619,EARNINGS_EPS,f2b3cea996c55bcd20cfd9b2,ACCEPT_STRICT_FAMILY,named issuer discrete quarterly earnings/EPS outcome
90095,EARNINGS_EPS,dca3b6be7b1956000ccb47a6,ACCEPT_STRICT_FAMILY,named issuer discrete quarterly earnings/EPS outcome
56577,EARNINGS_EPS,7d2baf1500dc031834f16ef7,ACCEPT_STRICT_FAMILY,named issuer discrete quarterly earnings/EPS outcome
206313,EARNINGS_EPS,b1d4a2e0e2f89892bb52cc2e,ACCEPT_STRICT_FAMILY,named issuer discrete quarterly earnings/EPS outcome
66538,EARNINGS_EPS,0ee976e421bafb694a7bc57d,ACCEPT_STRICT_FAMILY,named issuer discrete quarterly earnings/EPS outcome
729858,EARNINGS_EPS,df63525d2b3683b169a0fb65,ACCEPT_STRICT_FAMILY,named issuer discrete quarterly earnings/EPS outcome
525416,EARNINGS_EPS,ed060ee821d0d84746d1a807,ACCEPT_STRICT_FAMILY,named issuer discrete quarterly earnings/EPS outcome
686500,EARNINGS_EPS,5635c70d0244b92f7f013d52,ACCEPT_STRICT_FAMILY,named issuer discrete quarterly earnings/EPS outcome
49950,EARNINGS_EPS,96d9b40586a3d8f35fa156a1,ACCEPT_STRICT_FAMILY,named issuer discrete quarterly earnings/EPS outcome
525455,EARNINGS_EPS,5d2de38baa717ca3d1d317a6,ACCEPT_STRICT_FAMILY,named issuer discrete quarterly earnings/EPS outcome
410677,EARNINGS_EPS,16bdf37c1c8e4ce8b7d89edc,ACCEPT_STRICT_FAMILY,named issuer discrete quarterly earnings/EPS outcome
364289,EARNINGS_EPS,e36bcb359f50402d92ad4910,ACCEPT_STRICT_FAMILY,named issuer discrete quarterly earnings/EPS outcome
146136,EARNINGS_EPS,bf2f6971e11432a2ecb91479,ACCEPT_STRICT_FAMILY,named issuer discrete quarterly earnings/EPS outcome
100416,EARNINGS_EPS,f579bf5ab51e319b0e374791,ACCEPT_STRICT_FAMILY,named issuer discrete quarterly earnings/EPS outcome
226383,EARNINGS_EPS,2d9a597e1310479fd900711f,ACCEPT_STRICT_FAMILY,named issuer discrete quarterly earnings/EPS outcome
64602,EARNINGS_EPS,a747cc8d9bfd01b330e1cd79,ACCEPT_STRICT_FAMILY,named issuer discrete quarterly earnings/EPS outcome
87898,EARNINGS_EPS,1463bd620048f7f47a9e644d,ACCEPT_STRICT_FAMILY,named issuer discrete quarterly earnings/EPS outcome
74643,EARNINGS_EPS,bea79424a3223661d11f1a18,ACCEPT_STRICT_FAMILY,named issuer discrete quarterly earnings/EPS outcome
686380,EARNINGS_EPS,c3a288de5800d7decf81d05f,ACCEPT_STRICT_FAMILY,named issuer discrete quarterly earnings/EPS outcome
715645,EARNINGS_EPS,5859cec1ba6f4b62e9429b00,ACCEPT_STRICT_FAMILY,named issuer discrete quarterly earnings/EPS outcome
387395,EARNINGS_EPS,46f63739ea2793e1a670538d,ACCEPT_STRICT_FAMILY,named issuer discrete quarterly earnings/EPS outcome
686398,EARNINGS_EPS,9a3f46dd65e30ff61214abb4,ACCEPT_STRICT_FAMILY,named issuer discrete quarterly earnings/EPS outcome
525417,EARNINGS_EPS,1f8ad1c3e38cc6d73aa6d857,ACCEPT_STRICT_FAMILY,named issuer discrete quarterly earnings/EPS outcome
64603,EARNINGS_EPS,502e8220a554cbb91cefa852,ACCEPT_STRICT_FAMILY,named issuer discrete quarterly earnings/EPS outcome
387357,EARNINGS_EPS,fd04e58ccedd6446abfcee28,ACCEPT_STRICT_FAMILY,named issuer discrete quarterly earnings/EPS outcome
196877,EARNINGS_EPS,18a2cd644d4c54da9e96a806,ACCEPT_STRICT_FAMILY,named issuer discrete quarterly earnings/EPS outcome
146144,EARNINGS_EPS,efa051b5899da6e9df659f14,ACCEPT_STRICT_FAMILY,named issuer discrete quarterly earnings/EPS outcome
212240,EARNINGS_EPS,3302ed21862205879814cef0,ACCEPT_STRICT_FAMILY,named issuer discrete quarterly earnings/EPS outcome
100629,EARNINGS_EPS,dd239cf690f1416bdb5d4aa4,ACCEPT_STRICT_FAMILY,named issuer discrete quarterly earnings/EPS outcome
410685,EARNINGS_EPS,369e6e7d6d23ab566f1bc3fe,ACCEPT_STRICT_FAMILY,named issuer discrete quarterly earnings/EPS outcome
410637,EARNINGS_EPS,5f23d7f8b54c6129eb1ae195,ACCEPT_STRICT_FAMILY,named issuer discrete quarterly earnings/EPS outcome
53154,EARNINGS_EPS,34c8b517323fa93a6319ba3b,ACCEPT_STRICT_FAMILY,named issuer discrete quarterly earnings/EPS outcome
63166,EARNINGS_EPS,ec84b675893397739ec93365,ACCEPT_STRICT_FAMILY,named issuer discrete quarterly earnings/EPS outcome
196890,EARNINGS_EPS,e86fb889e2f7a96f969c1449,ACCEPT_STRICT_FAMILY,named issuer discrete quarterly earnings/EPS outcome
652149,EARNINGS_EPS,8a1e8980892b172ef85e6d7e,ACCEPT_STRICT_FAMILY,named issuer discrete quarterly earnings/EPS outcome
199306,EARNINGS_EPS,b255e3cb08cf26a73d81942f,ACCEPT_STRICT_FAMILY,named issuer discrete quarterly earnings/EPS outcome
69824,EARNINGS_EPS,1857fd9d787b4ebd6d5a6e4c,ACCEPT_STRICT_FAMILY,named issuer discrete quarterly earnings/EPS outcome
50332,EARNINGS_EPS,22947e9630f47d419a8ed1e4,ACCEPT_STRICT_FAMILY,named issuer discrete quarterly earnings/EPS outcome
62698,EARNINGS_EPS,3845f2571d9399236f73c3bf,ACCEPT_STRICT_FAMILY,named issuer discrete quarterly earnings/EPS outcome
56589,EARNINGS_EPS,79e3ab835465efc63cecffeb,ACCEPT_STRICT_FAMILY,named issuer discrete quarterly earnings/EPS outcome
74801,EARNINGS_EPS,307f160f39faeba08220c721,ACCEPT_STRICT_FAMILY,named issuer discrete quarterly earnings/EPS outcome
87916,EARNINGS_EPS,9b8c44248d914b4ea7881f40,ACCEPT_STRICT_FAMILY,named issuer discrete quarterly earnings/EPS outcome
90064,EARNINGS_EPS,9922f07526615e3eb0d4cbd8,ACCEPT_STRICT_FAMILY,named issuer discrete quarterly earnings/EPS outcome
206325,EARNINGS_EPS,39a6af4593c54c77bc6538cb,ACCEPT_STRICT_FAMILY,named issuer discrete quarterly earnings/EPS outcome
410664,EARNINGS_EPS,5c616c3332608dfc4aaee399,ACCEPT_STRICT_FAMILY,named issuer discrete quarterly earnings/EPS outcome
715597,EARNINGS_EPS,047e35b3986ffe0712f11d31,ACCEPT_STRICT_FAMILY,named issuer discrete quarterly earnings/EPS outcome
387361,EARNINGS_EPS,7da20c574a2e960dc1972a6d,ACCEPT_STRICT_FAMILY,named issuer discrete quarterly earnings/EPS outcome
401604,EARNINGS_EPS,1627371f65ffcb4b00f485ca,ACCEPT_STRICT_FAMILY,named issuer discrete quarterly earnings/EPS outcome
69065,EARNINGS_EPS,ec19d177c70e877e4f4cb119,ACCEPT_STRICT_FAMILY,named issuer discrete quarterly earnings/EPS outcome
148035,EARNINGS_EPS,b7969c23f062ce17a321c7af,ACCEPT_STRICT_FAMILY,named issuer discrete quarterly earnings/EPS outcome
387366,EARNINGS_EPS,f0a5659a682482b9ea03afb4,ACCEPT_STRICT_FAMILY,named issuer discrete quarterly earnings/EPS outcome
63149,EARNINGS_EPS,5e811e6e9d323c50540b5afc,ACCEPT_STRICT_FAMILY,named issuer discrete quarterly earnings/EPS outcome
311428,EARNINGS_EPS,13660002f4ce246c1bafc825,ACCEPT_STRICT_FAMILY,named issuer discrete quarterly earnings/EPS outcome
184516,EARNINGS_EPS,c111b2ef8322ffe62f5c2aa2,ACCEPT_STRICT_FAMILY,named issuer discrete quarterly earnings/EPS outcome
67841,EARNINGS_EPS,78d08461c7a7aea8c1507e27,ACCEPT_STRICT_FAMILY,named issuer discrete quarterly earnings/EPS outcome
60671,EARNINGS_EPS,f671714c1899a60c3466cc6e,ACCEPT_STRICT_FAMILY,named issuer discrete quarterly earnings/EPS outcome
74815,EARNINGS_EPS,0539305e7d4360763c212e98,ACCEPT_STRICT_FAMILY,named issuer discrete quarterly earnings/EPS outcome
686502,EARNINGS_EPS,3039ac2900a61ea68ac1e184,ACCEPT_STRICT_FAMILY,named issuer discrete quarterly earnings/EPS outcome
56568,EARNINGS_EPS,5792e551805da7d282dfc7c5,ACCEPT_STRICT_FAMILY,named issuer discrete quarterly earnings/EPS outcome
708189,EARNINGS_EPS,ca01b83458e701d345a9111e,ACCEPT_STRICT_FAMILY,named issuer discrete quarterly earnings/EPS outcome
741368,EARNINGS_EPS,8cecee5cf616bae33bcc4e20,ACCEPT_STRICT_FAMILY,named issuer discrete quarterly earnings/EPS outcome
62706,EARNINGS_EPS,4148cd97d074f952944394b0,ACCEPT_STRICT_FAMILY,named issuer discrete quarterly earnings/EPS outcome
56575,EARNINGS_EPS,c1fae6707690ad387dfc7b6e,ACCEPT_STRICT_FAMILY,named issuer discrete quarterly earnings/EPS outcome
380014,EARNINGS_EPS,4c31882e7aeb9d00b4295c9f,ACCEPT_STRICT_FAMILY,named issuer discrete quarterly earnings/EPS outcome
410631,EARNINGS_EPS,7a748c492426b762a975baed,ACCEPT_STRICT_FAMILY,named issuer discrete quarterly earnings/EPS outcome
74838,EARNINGS_EPS,d099a769624ddd0d5d03a7e8,ACCEPT_STRICT_FAMILY,named issuer discrete quarterly earnings/EPS outcome
582058,EARNINGS_EPS,62f5c3ea28af78e1ea4e6793,ACCEPT_STRICT_FAMILY,named issuer discrete quarterly earnings/EPS outcome
741386,EARNINGS_EPS,72e116a292cf6d67c55ad50c,ACCEPT_STRICT_FAMILY,named issuer discrete quarterly earnings/EPS outcome
201445,EARNINGS_EPS,76f8b3108ea5fc350292b728,ACCEPT_STRICT_FAMILY,named issuer discrete quarterly earnings/EPS outcome
192722,EARNINGS_EPS,983b0918f3519182c14fed80,ACCEPT_STRICT_FAMILY,named issuer discrete quarterly earnings/EPS outcome
652072,FDA_FINAL_PDUFA_DECISION,adb43ec981518b070de283ea,ACCEPT_STRICT_FAMILY,explicit discrete final FDA approval/authorization/PDUFA-type action
400491,FDA_FINAL_PDUFA_DECISION,f982a2fcd1d47e3a3f22a064,ACCEPT_STRICT_FAMILY,explicit discrete final FDA approval/authorization/PDUFA-type action
400550,FDA_FINAL_PDUFA_DECISION,3f437921a604930d750e648f,ACCEPT_STRICT_FAMILY,explicit discrete final FDA approval/authorization/PDUFA-type action
556094,FDA_FINAL_PDUFA_DECISION,f2fc6e64d38010858d48834b,ACCEPT_STRICT_FAMILY,explicit discrete final FDA approval/authorization/PDUFA-type action
3518,FDA_FINAL_PDUFA_DECISION,e93fb5a5abc06b6b920134a4,ACCEPT_STRICT_FAMILY,explicit discrete final FDA approval/authorization/PDUFA-type action
652107,FDA_FINAL_PDUFA_DECISION,87380ebf42a9237220bae945,ACCEPT_STRICT_FAMILY,explicit discrete final FDA approval/authorization/PDUFA-type action
556064,FDA_FINAL_PDUFA_DECISION,75d1677e94676a3f9a2cc59c,ACCEPT_STRICT_FAMILY,explicit discrete final FDA approval/authorization/PDUFA-type action
652256,FDA_FINAL_PDUFA_DECISION,3b3954dc310841ac037f18ca,ACCEPT_STRICT_FAMILY,explicit discrete final FDA approval/authorization/PDUFA-type action
382921,FDA_FINAL_PDUFA_DECISION,51b91933dfb6d4f6e54398db,ACCEPT_STRICT_FAMILY,explicit discrete final FDA approval/authorization/PDUFA-type action
652146,FDA_FINAL_PDUFA_DECISION,1408ee7ca0de0b6707951959,ACCEPT_STRICT_FAMILY,explicit discrete final FDA approval/authorization/PDUFA-type action
6089,FDA_FINAL_PDUFA_DECISION,d6b8563b4b913702f7e49408,ACCEPT_STRICT_FAMILY,explicit discrete final FDA approval/authorization/PDUFA-type action
556033,FDA_FINAL_PDUFA_DECISION,8418fde49ea1d74d15b76d92,ACCEPT_STRICT_FAMILY,explicit discrete final FDA approval/authorization/PDUFA-type action
555980,FDA_FINAL_PDUFA_DECISION,01f84828dad3fa3d86782667,ACCEPT_STRICT_FAMILY,explicit discrete final FDA approval/authorization/PDUFA-type action
382447,FDA_FINAL_PDUFA_DECISION,821fe6553e4b76ebf34109ce,ACCEPT_STRICT_FAMILY,explicit discrete final FDA approval/authorization/PDUFA-type action
34552,FDA_FINAL_PDUFA_DECISION,037fcc2fb089b154b83d19f8,ACCEPT_STRICT_FAMILY,explicit discrete final FDA approval/authorization/PDUFA-type action
431125,FDA_FINAL_PDUFA_DECISION,a977ce071a9cb995762158d4,ACCEPT_STRICT_FAMILY,explicit discrete final FDA approval/authorization/PDUFA-type action
652097,FDA_FINAL_PDUFA_DECISION,c5f192cc783a1274f847fd93,ACCEPT_STRICT_FAMILY,explicit discrete final FDA approval/authorization/PDUFA-type action
34565,FDA_FINAL_PDUFA_DECISION,7a131f1a7b2818c024c6e035,ACCEPT_STRICT_FAMILY,explicit discrete final FDA approval/authorization/PDUFA-type action
34570,FDA_FINAL_PDUFA_DECISION,1de2125d996966dfebb09651,ACCEPT_STRICT_FAMILY,explicit discrete final FDA approval/authorization/PDUFA-type action
503876,FDA_FINAL_PDUFA_DECISION,89fdecc973cbcb19b3ef8a50,ACCEPT_STRICT_FAMILY,explicit discrete final FDA approval/authorization/PDUFA-type action
652095,FDA_FINAL_PDUFA_DECISION,818f7dfd896e0b83ec875468,ACCEPT_STRICT_FAMILY,explicit discrete final FDA approval/authorization/PDUFA-type action
400511,FDA_FINAL_PDUFA_DECISION,6fb78d0f5abcd97188c3fa82,ACCEPT_STRICT_FAMILY,explicit discrete final FDA approval/authorization/PDUFA-type action
652131,FDA_FINAL_PDUFA_DECISION,1e2a4079673de87ed521fc98,ACCEPT_STRICT_FAMILY,explicit discrete final FDA approval/authorization/PDUFA-type action
652185,FDA_FINAL_PDUFA_DECISION,9ff1d6c9de38da03568a2098,ACCEPT_STRICT_FAMILY,explicit discrete final FDA approval/authorization/PDUFA-type action
652233,FDA_FINAL_PDUFA_DECISION,eee75fa3c7e012b49eea89c8,ACCEPT_STRICT_FAMILY,explicit discrete final FDA approval/authorization/PDUFA-type action
158107,FDA_FINAL_PDUFA_DECISION,4258b42a8a85eb947a824b57,ACCEPT_STRICT_FAMILY,explicit discrete final FDA approval/authorization/PDUFA-type action
4334,FDA_FINAL_PDUFA_DECISION,b751a2077b707d6b1da492b9,ACCEPT_STRICT_FAMILY,explicit discrete final FDA approval/authorization/PDUFA-type action
34549,FDA_FINAL_PDUFA_DECISION,324ef196a3019ff47e31cc99,ACCEPT_STRICT_FAMILY,explicit discrete final FDA approval/authorization/PDUFA-type action
4694,FDA_FINAL_PDUFA_DECISION,26d17ec5ba68026a20d00351,ACCEPT_STRICT_FAMILY,explicit discrete final FDA approval/authorization/PDUFA-type action
400481,FDA_FINAL_PDUFA_DECISION,8063eb9a98b99f78d4f08153,ACCEPT_STRICT_FAMILY,explicit discrete final FDA approval/authorization/PDUFA-type action
556116,FDA_FINAL_PDUFA_DECISION,2d8512750cbc369052792ac9,ACCEPT_STRICT_FAMILY,explicit discrete final FDA approval/authorization/PDUFA-type action
34548,FDA_FINAL_PDUFA_DECISION,672399543a8a2bd7c91eb35c,ACCEPT_STRICT_FAMILY,explicit discrete final FDA approval/authorization/PDUFA-type action
34547,FDA_FINAL_PDUFA_DECISION,75fb4bf0a523949da39527d8,ACCEPT_STRICT_FAMILY,explicit discrete final FDA approval/authorization/PDUFA-type action
4810,FDA_FINAL_PDUFA_DECISION,bf530d4379bb6e878c8ce409,ACCEPT_STRICT_FAMILY,explicit discrete final FDA approval/authorization/PDUFA-type action
555997,FDA_FINAL_PDUFA_DECISION,9d35f5d8868e4f799a6ed943,ACCEPT_STRICT_FAMILY,explicit discrete final FDA approval/authorization/PDUFA-type action
34558,FDA_FINAL_PDUFA_DECISION,9a668ce823b69f5bb6e2c827,ACCEPT_STRICT_FAMILY,explicit discrete final FDA approval/authorization/PDUFA-type action
3720,FDA_FINAL_PDUFA_DECISION,8c138056a95c764c38c6ba97,ACCEPT_STRICT_FAMILY,explicit discrete final FDA approval/authorization/PDUFA-type action
503854,FDA_FINAL_PDUFA_DECISION,a9c4365b3470734963665dd8,ACCEPT_STRICT_FAMILY,explicit discrete final FDA approval/authorization/PDUFA-type action
431116,FDA_FINAL_PDUFA_DECISION,bb2cff0a14f572e623d76151,ACCEPT_STRICT_FAMILY,explicit discrete final FDA approval/authorization/PDUFA-type action
556012,FDA_FINAL_PDUFA_DECISION,a40dfe5684db32af4b03cc3d,ACCEPT_STRICT_FAMILY,explicit discrete final FDA approval/authorization/PDUFA-type action
3018,FDA_FINAL_PDUFA_DECISION,00356d79ff892f0e1b1b8f8c,ACCEPT_STRICT_FAMILY,explicit discrete final FDA approval/authorization/PDUFA-type action
34568,FDA_FINAL_PDUFA_DECISION,ffacb1e98220dcb52aefa112,ACCEPT_STRICT_FAMILY,explicit discrete final FDA approval/authorization/PDUFA-type action
27386,FDA_FINAL_PDUFA_DECISION,70774f0eecd8728ddb3e3835,ACCEPT_STRICT_FAMILY,explicit discrete final FDA approval/authorization/PDUFA-type action
3176,FDA_FINAL_PDUFA_DECISION,a8a27d33abac217eb371d683,ACCEPT_STRICT_FAMILY,explicit discrete final FDA approval/authorization/PDUFA-type action
400551,FDA_FINAL_PDUFA_DECISION,79e525561769afe638c56ed9,ACCEPT_STRICT_FAMILY,explicit discrete final FDA approval/authorization/PDUFA-type action
26351,FDA_FINAL_PDUFA_DECISION,2eeecd66fe059125ab179563,ACCEPT_STRICT_FAMILY,explicit discrete final FDA approval/authorization/PDUFA-type action
34571,FDA_FINAL_PDUFA_DECISION,a72bcf52b038db22d13b3aa0,ACCEPT_STRICT_FAMILY,explicit discrete final FDA approval/authorization/PDUFA-type action
382885,FDA_FINAL_PDUFA_DECISION,f32bb471ec5aca6c5127ed95,ACCEPT_STRICT_FAMILY,explicit discrete final FDA approval/authorization/PDUFA-type action
482084,FDA_FINAL_PDUFA_DECISION,8a0ab89b1572565bfeb139a4,ACCEPT_STRICT_FAMILY,explicit discrete final FDA approval/authorization/PDUFA-type action
27387,FDA_FINAL_PDUFA_DECISION,6523e86644a76f0c239613ea,ACCEPT_STRICT_FAMILY,explicit discrete final FDA approval/authorization/PDUFA-type action
34566,FDA_FINAL_PDUFA_DECISION,eb744fb5ac5bcb08d81756cb,ACCEPT_STRICT_FAMILY,explicit discrete final FDA approval/authorization/PDUFA-type action
34550,FDA_FINAL_PDUFA_DECISION,653defc27c8f22ead4c81d6c,ACCEPT_STRICT_FAMILY,explicit discrete final FDA approval/authorization/PDUFA-type action
652165,FDA_FINAL_PDUFA_DECISION,f53bc1dfd5b2e63b95e23c01,ACCEPT_STRICT_FAMILY,explicit discrete final FDA approval/authorization/PDUFA-type action
5433,FDA_FINAL_PDUFA_DECISION,7066a7e0a64cfe5ffd51e2f5,ACCEPT_STRICT_FAMILY,explicit discrete final FDA approval/authorization/PDUFA-type action
27388,FDA_FINAL_PDUFA_DECISION,36b068fbd76e5c023bfc3606,ACCEPT_STRICT_FAMILY,explicit discrete final FDA approval/authorization/PDUFA-type action
34567,FDA_FINAL_PDUFA_DECISION,9ccaebaaa9984404d9f0d628,ACCEPT_STRICT_FAMILY,explicit discrete final FDA approval/authorization/PDUFA-type action
34555,FDA_FINAL_PDUFA_DECISION,13573bea9d3f4e7c0931703f,ACCEPT_STRICT_FAMILY,explicit discrete final FDA approval/authorization/PDUFA-type action
400521,FDA_FINAL_PDUFA_DECISION,c63fba74a69f51a0dbe535fb,ACCEPT_STRICT_FAMILY,explicit discrete final FDA approval/authorization/PDUFA-type action
34557,FDA_FINAL_PDUFA_DECISION,ad9fc91a8aac71010d648b76,ACCEPT_STRICT_FAMILY,explicit discrete final FDA approval/authorization/PDUFA-type action
556024,FDA_FINAL_PDUFA_DECISION,56d9b577d1fab7ddb625d097,ACCEPT_STRICT_FAMILY,explicit discrete final FDA approval/authorization/PDUFA-type action
34560,FDA_FINAL_PDUFA_DECISION,afb28a49f79110128a4abdc1,ACCEPT_STRICT_FAMILY,explicit discrete final FDA approval/authorization/PDUFA-type action
556092,FDA_FINAL_PDUFA_DECISION,7f10a93ec3ed11c01b2b36be,ACCEPT_STRICT_FAMILY,explicit discrete final FDA approval/authorization/PDUFA-type action
34554,FDA_FINAL_PDUFA_DECISION,e846f9de3ffc30112aa11f31,ACCEPT_STRICT_FAMILY,explicit discrete final FDA approval/authorization/PDUFA-type action
27824,FOMC_DECISION,04fe24d34d541afaa576c705,ACCEPT_STRICT_FAMILY,"specific scheduled Fed/FOMC meeting decision, vote, or dissent outcome"
606422,FOMC_DECISION,e07b3a03248326a69a94bd33,ACCEPT_STRICT_FAMILY,"specific scheduled Fed/FOMC meeting decision, vote, or dissent outcome"
34716,FOMC_DECISION,733c77a210a271bd06201a3b,ACCEPT_STRICT_FAMILY,"specific scheduled Fed/FOMC meeting decision, vote, or dissent outcome"
11878,FOMC_DECISION,be1af396dbe19648b2b91d34,ACCEPT_STRICT_FAMILY,"specific scheduled Fed/FOMC meeting decision, vote, or dissent outcome"
162306,FOMC_DECISION,81245b8ad2fa21553b5a11d3,ACCEPT_STRICT_FAMILY,"specific scheduled Fed/FOMC meeting decision, vote, or dissent outcome"
778684,FOMC_DECISION,08b4d9dd4e0f6c9e684d78d8,ACCEPT_STRICT_FAMILY,"specific scheduled Fed/FOMC meeting decision, vote, or dissent outcome"
21255,FOMC_DECISION,3530d13a11a8b19812324155,ACCEPT_STRICT_FAMILY,"specific scheduled Fed/FOMC meeting decision, vote, or dissent outcome"
192022,FOMC_DECISION,204b4b55ca48e53eb96298b6,ACCEPT_STRICT_FAMILY,"specific scheduled Fed/FOMC meeting decision, vote, or dissent outcome"
106884,FOMC_DECISION,38ac7fefee1f13b15e01e0cd,REJECT_FALSE_POSITIVE,broad annual/by-date/month action rather than an unambiguous single scheduled FOMC meeting outcome
770451,FOMC_DECISION,c3ff02beeb9eb4b32f5d71c0,ACCEPT_STRICT_FAMILY,"specific scheduled Fed/FOMC meeting decision, vote, or dissent outcome"
14220,FOMC_DECISION,181f47fc38f02ebb52460080,ACCEPT_STRICT_FAMILY,"specific scheduled Fed/FOMC meeting decision, vote, or dissent outcome"
20377,FOMC_DECISION,d73ec91e45c2197814e75ebd,REJECT_FALSE_POSITIVE,broad annual/by-date/month action rather than an unambiguous single scheduled FOMC meeting outcome
75478,FOMC_DECISION,e302a38937c3bd7cb0ad8e70,ACCEPT_STRICT_FAMILY,"specific scheduled Fed/FOMC meeting decision, vote, or dissent outcome"
602230,FOMC_DECISION,ce6ad8c32fa591d894bc2224,ACCEPT_STRICT_FAMILY,"specific scheduled Fed/FOMC meeting decision, vote, or dissent outcome"
101936,FOMC_DECISION,d7b6d64cac964d747ea14f4f,REJECT_FALSE_POSITIVE,broad annual/by-date/month action rather than an unambiguous single scheduled FOMC meeting outcome
329566,FOMC_DECISION,b19f474cc451042a9d18cfb7,REJECT_FALSE_POSITIVE,broad annual/by-date/month action rather than an unambiguous single scheduled FOMC meeting outcome
32584,FOMC_DECISION,1f718f6819f59d69e3adfe90,REJECT_FALSE_POSITIVE,broad annual/by-date/month action rather than an unambiguous single scheduled FOMC meeting outcome
101772,FOMC_DECISION,ef3b972bb0d8b2bf28636dff,ACCEPT_STRICT_FAMILY,"specific scheduled Fed/FOMC meeting decision, vote, or dissent outcome"
16084,FOMC_DECISION,ae1680daa6bd6375ab8a51ba,REJECT_FALSE_POSITIVE,broad annual/by-date/month action rather than an unambiguous single scheduled FOMC meeting outcome
102643,FOMC_DECISION,6b22bb416251663b43b9d1ff,ACCEPT_STRICT_FAMILY,"specific scheduled Fed/FOMC meeting decision, vote, or dissent outcome"
37537,FOMC_DECISION,b3422a4193bf8a16b0439d3d,ACCEPT_STRICT_FAMILY,"specific scheduled Fed/FOMC meeting decision, vote, or dissent outcome"
45883,FOMC_DECISION,8fb577c43ccd286a1f0aa83c,ACCEPT_STRICT_FAMILY,"specific scheduled Fed/FOMC meeting decision, vote, or dissent outcome"
192697,FOMC_DECISION,38a508dcc07269b5afde6a02,ACCEPT_STRICT_FAMILY,"specific scheduled Fed/FOMC meeting decision, vote, or dissent outcome"
432088,FOMC_DECISION,e6b7123afe07f7f1efd6edaf,ACCEPT_STRICT_FAMILY,"specific scheduled Fed/FOMC meeting decision, vote, or dissent outcome"
901410,FOMC_DECISION,85d0b3125a443dbc5d128a8c,REJECT_FALSE_POSITIVE,broad annual/by-date/month action rather than an unambiguous single scheduled FOMC meeting outcome
45887,FOMC_DECISION,b4c0160a857ab8d09b7c2508,REJECT_FALSE_POSITIVE,broad annual/by-date/month action rather than an unambiguous single scheduled FOMC meeting outcome
45886,FOMC_DECISION,0bf4be4c2288d1aa19bf2779,ACCEPT_STRICT_FAMILY,"specific scheduled Fed/FOMC meeting decision, vote, or dissent outcome"
11862,FOMC_DECISION,d9885a8c9b84b8b8c12e1474,ACCEPT_STRICT_FAMILY,"specific scheduled Fed/FOMC meeting decision, vote, or dissent outcome"
389834,FOMC_DECISION,952a67c2f33038ba8e8ab757,ACCEPT_STRICT_FAMILY,"specific scheduled Fed/FOMC meeting decision, vote, or dissent outcome"
192696,FOMC_DECISION,b641a36570c7c120ff272ceb,ACCEPT_STRICT_FAMILY,"specific scheduled Fed/FOMC meeting decision, vote, or dissent outcome"
903089,FOMC_DECISION,58a9f1e516e5404975835aee,REJECT_FALSE_POSITIVE,broad annual/by-date/month action rather than an unambiguous single scheduled FOMC meeting outcome
901317,FOMC_DECISION,9f79f9becacfdca3ddf2901f,REJECT_FALSE_POSITIVE,broad annual/by-date/month action rather than an unambiguous single scheduled FOMC meeting outcome
22449,FOMC_DECISION,6b8abf69524429c94db82ac6,REJECT_FALSE_POSITIVE,broad annual/by-date/month action rather than an unambiguous single scheduled FOMC meeting outcome
287482,FOMC_DECISION,e8cd9540c2dd7386e3300e3a,ACCEPT_STRICT_FAMILY,"specific scheduled Fed/FOMC meeting decision, vote, or dissent outcome"
17140,FOMC_DECISION,4ee85ad08c7f58e53e4e2851,ACCEPT_STRICT_FAMILY,"specific scheduled Fed/FOMC meeting decision, vote, or dissent outcome"
35090,FOMC_DECISION,3d19bfa6f7a6211eb6694593,ACCEPT_STRICT_FAMILY,"specific scheduled Fed/FOMC meeting decision, vote, or dissent outcome"
287395,FOMC_DECISION,431ff727b5cecef00e9a60b5,ACCEPT_STRICT_FAMILY,"specific scheduled Fed/FOMC meeting decision, vote, or dissent outcome"
17792,FOMC_DECISION,c117265f22c9b1f2a0a8a7d0,ACCEPT_STRICT_FAMILY,"specific scheduled Fed/FOMC meeting decision, vote, or dissent outcome"
91091,FOMC_DECISION,18c5e22b98bdb41d6201718e,ACCEPT_STRICT_FAMILY,"specific scheduled Fed/FOMC meeting decision, vote, or dissent outcome"
24087,FOMC_DECISION,97fc86afa14ef56481bc6a54,ACCEPT_STRICT_FAMILY,"specific scheduled Fed/FOMC meeting decision, vote, or dissent outcome"
39673,FOMC_DECISION,1fec4efa40dfdebc8a4ae20b,ACCEPT_STRICT_FAMILY,"specific scheduled Fed/FOMC meeting decision, vote, or dissent outcome"
432066,FOMC_DECISION,b11b0541621118d99e140fbd,ACCEPT_STRICT_FAMILY,"specific scheduled Fed/FOMC meeting decision, vote, or dissent outcome"
67284,FOMC_DECISION,0c72a01b7d3bc18feace23f7,ACCEPT_STRICT_FAMILY,"specific scheduled Fed/FOMC meeting decision, vote, or dissent outcome"
770454,FOMC_DECISION,e3486853b53105ef8ad5416c,ACCEPT_STRICT_FAMILY,"specific scheduled Fed/FOMC meeting decision, vote, or dissent outcome"
770450,FOMC_DECISION,d5efc7780491cea0b322b328,ACCEPT_STRICT_FAMILY,"specific scheduled Fed/FOMC meeting decision, vote, or dissent outcome"
10483,FOMC_DECISION,b9b143035c03a57288aa80dd,REJECT_FALSE_POSITIVE,broad annual/by-date/month action rather than an unambiguous single scheduled FOMC meeting outcome
67950,FOMC_DECISION,2550521fde0462ca472f82df,ACCEPT_STRICT_FAMILY,"specific scheduled Fed/FOMC meeting decision, vote, or dissent outcome"
15665,FOMC_DECISION,c51266ea0c13ae018c897c1c,ACCEPT_STRICT_FAMILY,"specific scheduled Fed/FOMC meeting decision, vote, or dissent outcome"
902476,MACRO_STATISTICAL_RELEASE,ac4d9aa2a1a2205ae3911980,ACCEPT_STRICT_FAMILY,specific official macro statistical release observation
106822,MACRO_STATISTICAL_RELEASE,d74012d383fb0fce3227d7b6,ACCEPT_STRICT_FAMILY,specific official macro statistical release observation
4050,MACRO_STATISTICAL_RELEASE,9efc190f6343e8c33c84cbec,ACCEPT_STRICT_FAMILY,specific official macro statistical release observation
153683,MACRO_STATISTICAL_RELEASE,43c2d705392c1e15739c28ad,ACCEPT_STRICT_FAMILY,specific official macro statistical release observation
206748,MACRO_STATISTICAL_RELEASE,807480302d75eed137591441,ACCEPT_STRICT_FAMILY,specific official macro statistical release observation
834623,MACRO_STATISTICAL_RELEASE,0c15efbc8b837c8f3bb57df9,ACCEPT_STRICT_FAMILY,specific official macro statistical release observation
902237,MACRO_STATISTICAL_RELEASE,911fb7c787406492974a257e,ACCEPT_STRICT_FAMILY,specific official macro statistical release observation
902050,MACRO_STATISTICAL_RELEASE,7c5857ac64842b41c307e656,ACCEPT_STRICT_FAMILY,specific official macro statistical release observation
14389,MACRO_STATISTICAL_RELEASE,05ab38984e95d0d5ad0a5db3,ACCEPT_STRICT_FAMILY,specific official macro statistical release observation
901221,MACRO_STATISTICAL_RELEASE,047bfdcb581aa7395797a5e3,ACCEPT_STRICT_FAMILY,specific official macro statistical release observation
903431,MACRO_STATISTICAL_RELEASE,12fb3c52aa34702ec0c93379,ACCEPT_STRICT_FAMILY,specific official macro statistical release observation
340104,MACRO_STATISTICAL_RELEASE,dcbcc1056ea12643029201aa,ACCEPT_STRICT_FAMILY,specific official macro statistical release observation
37198,MACRO_STATISTICAL_RELEASE,0653d0bed61171f183eeaa92,ACCEPT_STRICT_FAMILY,specific official macro statistical release observation
34561,MACRO_STATISTICAL_RELEASE,868512031ddec229111dffc7,ACCEPT_STRICT_FAMILY,specific official macro statistical release observation
779122,MACRO_STATISTICAL_RELEASE,df3a02a6e0d6a31b624c43df,ACCEPT_STRICT_FAMILY,specific official macro statistical release observation
53730,MACRO_STATISTICAL_RELEASE,01e6e54575a9df0c894b8884,REJECT_FALSE_POSITIVE,question concerns release timing/existence rather than the statistical observation
462457,MACRO_STATISTICAL_RELEASE,ab9f8f4cafd0e3a3a4020285,ACCEPT_STRICT_FAMILY,specific official macro statistical release observation
838711,MACRO_STATISTICAL_RELEASE,f4e9522915a1df07aeaf9c90,ACCEPT_STRICT_FAMILY,specific official macro statistical release observation
106812,MACRO_STATISTICAL_RELEASE,2fcbeccc8c7b24a561e41815,ACCEPT_STRICT_FAMILY,specific official macro statistical release observation
16695,MACRO_STATISTICAL_RELEASE,539546127f2ee1cf358ae04a,ACCEPT_STRICT_FAMILY,specific official macro statistical release observation
197933,MACRO_STATISTICAL_RELEASE,f594e8e25a8a9ff779786e84,ACCEPT_STRICT_FAMILY,specific official macro statistical release observation
410741,MACRO_STATISTICAL_RELEASE,740e429640f57007505af897,ACCEPT_STRICT_FAMILY,specific official macro statistical release observation
11872,MACRO_STATISTICAL_RELEASE,65474fd436d5c436a420696f,ACCEPT_STRICT_FAMILY,specific official macro statistical release observation
606454,MACRO_STATISTICAL_RELEASE,1f7a653cce306cd61476605d,ACCEPT_STRICT_FAMILY,specific official macro statistical release observation
660463,MACRO_STATISTICAL_RELEASE,6c78a719f913724f24f2a331,ACCEPT_STRICT_FAMILY,specific official macro statistical release observation
670689,MACRO_STATISTICAL_RELEASE,a8fc53f29da177edd32a6446,ACCEPT_STRICT_FAMILY,specific official macro statistical release observation
903758,MACRO_STATISTICAL_RELEASE,435f3b879655fa579dfd830d,ACCEPT_STRICT_FAMILY,specific official macro statistical release observation
30614,MACRO_STATISTICAL_RELEASE,056176cf3edde25d0bda1a44,ACCEPT_STRICT_FAMILY,specific official macro statistical release observation
26238,MACRO_STATISTICAL_RELEASE,1edb17a8defbc0995a6728b1,ACCEPT_STRICT_FAMILY,specific official macro statistical release observation
524568,MACRO_STATISTICAL_RELEASE,18e3a6ea87b6a4e613af12f9,ACCEPT_STRICT_FAMILY,specific official macro statistical release observation
193872,MACRO_STATISTICAL_RELEASE,6cfff91b43ce557b0b201e79,ACCEPT_STRICT_FAMILY,specific official macro statistical release observation
562383,MACRO_STATISTICAL_RELEASE,036e9adcdd4ac3048bafc5ab,ACCEPT_STRICT_FAMILY,specific official macro statistical release observation
246674,MACRO_STATISTICAL_RELEASE,e05fb8ee4299ad632025a446,ACCEPT_STRICT_FAMILY,specific official macro statistical release observation
18119,MACRO_STATISTICAL_RELEASE,13c0e8d03a63f9f23564fb83,ACCEPT_STRICT_FAMILY,specific official macro statistical release observation
203594,MACRO_STATISTICAL_RELEASE,edf6dd2d1a7ef6ee34d17e2c,ACCEPT_STRICT_FAMILY,specific official macro statistical release observation
107437,MACRO_STATISTICAL_RELEASE,16004e053ebd3ffc7084f938,ACCEPT_STRICT_FAMILY,specific official macro statistical release observation
11073,MACRO_STATISTICAL_RELEASE,608823ae7bafad92e4caa70c,ACCEPT_STRICT_FAMILY,specific official macro statistical release observation
226121,MACRO_STATISTICAL_RELEASE,2754751f960eb1b2d9d5b393,ACCEPT_STRICT_FAMILY,specific official macro statistical release observation
213083,MACRO_STATISTICAL_RELEASE,1ddb1c4953c583706d93c1ba,ACCEPT_STRICT_FAMILY,specific official macro statistical release observation
53165,MACRO_STATISTICAL_RELEASE,e8201b4666022dda68592212,REJECT_FALSE_POSITIVE,question concerns release timing/existence rather than the statistical observation
5843,MACRO_STATISTICAL_RELEASE,3fe45268f7782e413b1fca23,ACCEPT_STRICT_FAMILY,specific official macro statistical release observation
339954,MACRO_STATISTICAL_RELEASE,d36fd36a073096cd6ace6359,ACCEPT_STRICT_FAMILY,specific official macro statistical release observation
670690,MACRO_STATISTICAL_RELEASE,fe3698978d5b650d42dbea11,ACCEPT_STRICT_FAMILY,specific official macro statistical release observation
5840,MACRO_STATISTICAL_RELEASE,39f64793781894cddce54734,ACCEPT_STRICT_FAMILY,specific official macro statistical release observation
563235,MACRO_STATISTICAL_RELEASE,4edd71a8b2e980a09dda4fb6,ACCEPT_STRICT_FAMILY,specific official macro statistical release observation
103517,MACRO_STATISTICAL_RELEASE,13d8ddd5d6a49d5f53229d4d,ACCEPT_STRICT_FAMILY,specific official macro statistical release observation
811515,MACRO_STATISTICAL_RELEASE,9fb6b1e375a422a81dd3ef53,ACCEPT_STRICT_FAMILY,specific official macro statistical release observation
711852,MACRO_STATISTICAL_RELEASE,c82b920ca1d3d46ed9d5d3e9,ACCEPT_STRICT_FAMILY,specific official macro statistical release observation
3860,MACRO_STATISTICAL_RELEASE,1ab597f0fa22260fa89301f4,ACCEPT_STRICT_FAMILY,specific official macro statistical release observation
153669,MACRO_STATISTICAL_RELEASE,870244ae057a4a1ccb23b7e7,ACCEPT_STRICT_FAMILY,specific official macro statistical release observation
660461,MACRO_STATISTICAL_RELEASE,2afd8170b1ba0e7a08c0e0ea,ACCEPT_STRICT_FAMILY,specific official macro statistical release observation
35440,MACRO_STATISTICAL_RELEASE,8ebc1b5a721583ef713e8ded,ACCEPT_STRICT_FAMILY,specific official macro statistical release observation
607340,MACRO_STATISTICAL_RELEASE,1b862b34b1753494c2b7e3c9,ACCEPT_STRICT_FAMILY,specific official macro statistical release observation
5757,MACRO_STATISTICAL_RELEASE,021c534087dfe9d3089b98cf,ACCEPT_STRICT_FAMILY,specific official macro statistical release observation
4313,MACRO_STATISTICAL_RELEASE,182c580294fc946c98e6650e,ACCEPT_STRICT_FAMILY,specific official macro statistical release observation
580298,MACRO_STATISTICAL_RELEASE,b1dbefe22010674972183685,ACCEPT_STRICT_FAMILY,specific official macro statistical release observation
535147,MACRO_STATISTICAL_RELEASE,b6033f5d71cbaca48056adbc,ACCEPT_STRICT_FAMILY,specific official macro statistical release observation
524530,MACRO_STATISTICAL_RELEASE,c029ef66695d1cdc6c55d3f9,ACCEPT_STRICT_FAMILY,specific official macro statistical release observation
193877,MACRO_STATISTICAL_RELEASE,eeeb00202455d7ec16df58e7,ACCEPT_STRICT_FAMILY,specific official macro statistical release observation
205145,MACRO_STATISTICAL_RELEASE,bdd132477e50da19c61c631d,ACCEPT_STRICT_FAMILY,specific official macro statistical release observation
67291,MACRO_STATISTICAL_RELEASE,4ea620212de5260773eedde4,ACCEPT_STRICT_FAMILY,specific official macro statistical release observation
12040,MACRO_STATISTICAL_RELEASE,40c7970dc27b9941e07419c1,ACCEPT_STRICT_FAMILY,specific official macro statistical release observation
5985,MACRO_STATISTICAL_RELEASE,c16ffac21efd59a14ab00302,ACCEPT_STRICT_FAMILY,specific official macro statistical release observation
897955,MACRO_STATISTICAL_RELEASE,c0d696bc181bb9143d7ed9d0,ACCEPT_STRICT_FAMILY,specific official macro statistical release observation
434741,MACRO_STATISTICAL_RELEASE,cede0accd367368e8a02f421,ACCEPT_STRICT_FAMILY,specific official macro statistical release observation
779131,MACRO_STATISTICAL_RELEASE,93e7ac1373e0f38d932cb7ab,ACCEPT_STRICT_FAMILY,specific official macro statistical release observation
903780,MACRO_STATISTICAL_RELEASE,7dcaf57268d2b2d25b355a22,ACCEPT_STRICT_FAMILY,specific official macro statistical release observation
85672,MACRO_STATISTICAL_RELEASE,fb57a2dfaa70844de78db2cf,ACCEPT_STRICT_FAMILY,specific official macro statistical release observation
10273,MACRO_STATISTICAL_RELEASE,cf54b07bcdd6bc6446dc5354,ACCEPT_STRICT_FAMILY,specific official macro statistical release observation
261380,MACRO_STATISTICAL_RELEASE,028d0b08771aec0feed56c26,ACCEPT_STRICT_FAMILY,specific official macro statistical release observation
901447,MACRO_STATISTICAL_RELEASE,6fb92bb379685533b21728c9,ACCEPT_STRICT_FAMILY,specific official macro statistical release observation
903035,MACRO_STATISTICAL_RELEASE,3e9f03ac66d0368c03cb452c,ACCEPT_STRICT_FAMILY,specific official macro statistical release observation
203652,MACRO_STATISTICAL_RELEASE,f9f059cd9fc536d297fc5657,ACCEPT_STRICT_FAMILY,specific official macro statistical release observation
10749,MACRO_STATISTICAL_RELEASE,2920c92684ddfcb2db869a52,ACCEPT_STRICT_FAMILY,specific official macro statistical release observation
606453,MACRO_STATISTICAL_RELEASE,f0f25ec0d088dabe935f85dd,ACCEPT_STRICT_FAMILY,specific official macro statistical release observation
436462,MACRO_STATISTICAL_RELEASE,d68a823d57841efc9e943363,ACCEPT_STRICT_FAMILY,specific official macro statistical release observation
838712,MACRO_STATISTICAL_RELEASE,a59ecd1f396d6459bc636b43,ACCEPT_STRICT_FAMILY,specific official macro statistical release observation
743876,MACRO_STATISTICAL_RELEASE,82b2c9c08bc64c78f726d744,ACCEPT_STRICT_FAMILY,specific official macro statistical release observation
867862,MACRO_STATISTICAL_RELEASE,374636143128161bb8fb2fc2,ACCEPT_STRICT_FAMILY,specific official macro statistical release observation
15392,MACRO_STATISTICAL_RELEASE,697916276272434058105239,ACCEPT_STRICT_FAMILY,specific official macro statistical release observation
83746,MACRO_STATISTICAL_RELEASE,94b1189c584fa3e849936134,ACCEPT_STRICT_FAMILY,specific official macro statistical release observation
901284,MACRO_STATISTICAL_RELEASE,cea4854deeae717dd0bbc57a,ACCEPT_STRICT_FAMILY,specific official macro statistical release observation
85686,MACRO_STATISTICAL_RELEASE,425c2787dc971c97d1a04d41,ACCEPT_STRICT_FAMILY,specific official macro statistical release observation
188924,MACRO_STATISTICAL_RELEASE,7b7a99d5afd610c9ef0f7cb0,ACCEPT_STRICT_FAMILY,specific official macro statistical release observation
12373,MACRO_STATISTICAL_RELEASE,8564940fe52dd64368ba8666,ACCEPT_STRICT_FAMILY,specific official macro statistical release observation
11828,MACRO_STATISTICAL_RELEASE,aba76d7ca3878433213ba217,ACCEPT_STRICT_FAMILY,specific official macro statistical release observation
119828,MACRO_STATISTICAL_RELEASE,d8958f394d663b7b351489fd,ACCEPT_STRICT_FAMILY,specific official macro statistical release observation
436440,MACRO_STATISTICAL_RELEASE,da6ad801074d899136a481a7,ACCEPT_STRICT_FAMILY,specific official macro statistical release observation
462423,MACRO_STATISTICAL_RELEASE,bf47508740301189e709af55,ACCEPT_STRICT_FAMILY,specific official macro statistical release observation
436403,MACRO_STATISTICAL_RELEASE,a0278ff740835321555756d9,ACCEPT_STRICT_FAMILY,specific official macro statistical release observation
182146,MACRO_STATISTICAL_RELEASE,27192d61cc2d57c3f9562bc3,AMBIGUOUS_UNRESOLVED,title+slug do not identify a unique official scheduled statistical release
197105,MACRO_STATISTICAL_RELEASE,c6a1a5928865b5c89cb7ff91,ACCEPT_STRICT_FAMILY,specific official macro statistical release observation
34577,MACRO_STATISTICAL_RELEASE,f6538f8df59638789f5532f6,ACCEPT_STRICT_FAMILY,specific official macro statistical release observation
13275,MACRO_STATISTICAL_RELEASE,8bf908a4484d9ad2696a99cc,ACCEPT_STRICT_FAMILY,specific official macro statistical release observation
30833,MACRO_STATISTICAL_RELEASE,9ae0097e109d198285067c1a,ACCEPT_STRICT_FAMILY,specific official macro statistical release observation
205139,MACRO_STATISTICAL_RELEASE,14546d2fcc9734d00e0f65e0,ACCEPT_STRICT_FAMILY,specific official macro statistical release observation
10319,MACRO_STATISTICAL_RELEASE,e44c8ed22b36662ef2077f93,ACCEPT_STRICT_FAMILY,specific official macro statistical release observation
208207,MACRO_STATISTICAL_RELEASE,ee2d3cf5d682cdfbd3b3ee41,ACCEPT_STRICT_FAMILY,specific official macro statistical release observation
10985,MACRO_STATISTICAL_RELEASE,a1b85d430730e81c8d8eb4e2,ACCEPT_STRICT_FAMILY,specific official macro statistical release observation
12632,MACRO_STATISTICAL_RELEASE,3f6b3025bdb81910d22ebce0,ACCEPT_STRICT_FAMILY,specific official macro statistical release observation
100079,MA_PENDING_COMPLETION,40edbc80b04c65c45346abbc,AMBIGUOUS_UNRESOLVED,title+slug do not establish that the transaction was already definitively announced; external context would be required
100229,MA_PENDING_COMPLETION,a5020c1bd7855b28d8dbbac8,AMBIGUOUS_UNRESOLVED,title+slug do not establish that the transaction was already definitively announced; external context would be required
99583,MA_PENDING_COMPLETION,eae812ba32a43fb7b2e5adc0,AMBIGUOUS_UNRESOLVED,title+slug do not establish that the transaction was already definitively announced; external context would be required
192925,MA_PRE_ANNOUNCEMENT_OR_RUMOR,6227b01c5d79f91da0674250,ACCEPT_STRICT_FAMILY,specific corporate merger/acquisition/takeover announcement or pre-announcement transaction question
15616,MA_PRE_ANNOUNCEMENT_OR_RUMOR,c506cf92fad769c82e4de82d,ACCEPT_STRICT_FAMILY,specific corporate merger/acquisition/takeover announcement or pre-announcement transaction question
192962,MA_PRE_ANNOUNCEMENT_OR_RUMOR,0e6d124ca729f3966ebaaa56,ACCEPT_STRICT_FAMILY,specific corporate merger/acquisition/takeover announcement or pre-announcement transaction question
14371,MA_PRE_ANNOUNCEMENT_OR_RUMOR,874f91776c0abfea2f5181f2,ACCEPT_STRICT_FAMILY,specific corporate merger/acquisition/takeover announcement or pre-announcement transaction question
100076,MA_PRE_ANNOUNCEMENT_OR_RUMOR,513ba52839b8e72e6d6ea6f0,ACCEPT_STRICT_FAMILY,specific corporate merger/acquisition/takeover announcement or pre-announcement transaction question
4682,MA_PRE_ANNOUNCEMENT_OR_RUMOR,5ca9f1917825283bef7c2282,ACCEPT_STRICT_FAMILY,specific corporate merger/acquisition/takeover announcement or pre-announcement transaction question
4793,MA_PRE_ANNOUNCEMENT_OR_RUMOR,995c6b31be15747b9bb45038,ACCEPT_STRICT_FAMILY,specific corporate merger/acquisition/takeover announcement or pre-announcement transaction question
382331,MA_PRE_ANNOUNCEMENT_OR_RUMOR,64371a2a819ae41bf18137f3,ACCEPT_STRICT_FAMILY,specific corporate merger/acquisition/takeover announcement or pre-announcement transaction question
103773,MA_PRE_ANNOUNCEMENT_OR_RUMOR,7cc9891c27f7a11fb4108dc7,ACCEPT_STRICT_FAMILY,specific corporate merger/acquisition/takeover announcement or pre-announcement transaction question
580279,MA_PRE_ANNOUNCEMENT_OR_RUMOR,3277a32e3e4cdac21ead8933,REJECT_FALSE_POSITIVE,sovereign-territory acquisition is not a corporate M&A event
192851,MA_PRE_ANNOUNCEMENT_OR_RUMOR,0eddfb30fe1b0ffc1a9959c6,ACCEPT_STRICT_FAMILY,specific corporate merger/acquisition/takeover announcement or pre-announcement transaction question
601984,MA_PRE_ANNOUNCEMENT_OR_RUMOR,a66ed9ca196ad9064cb14f7c,ACCEPT_STRICT_FAMILY,specific corporate merger/acquisition/takeover announcement or pre-announcement transaction question
