channel,family,query,returned_events,returned_tags
FULL_CLOSED_EVENT_KEYSET_CRAWL,*,*,10000,0
FROZEN_PUBLIC_SEARCH,ANTITRUST_ENFORCEMENT_SINGLE_NAME,DOJ antitrust,19,1
FROZEN_PUBLIC_SEARCH,ANTITRUST_ENFORCEMENT_SINGLE_NAME,FTC antitrust,2,2
FROZEN_PUBLIC_SEARCH,ANTITRUST_ENFORCEMENT_SINGLE_NAME,antitrust lawsuit,8,1
FROZEN_PUBLIC_SEARCH,ANTITRUST_ENFORCEMENT_SINGLE_NAME,antitrust trial,8,1
FROZEN_PUBLIC_SEARCH,ANTITRUST_ENFORCEMENT_SINGLE_NAME,competition regulator,1,0
FROZEN_PUBLIC_SEARCH,ANTITRUST_ENFORCEMENT_SINGLE_NAME,monopoly case,5,1
FROZEN_TITLE_SEARCH_KEYSET,ANTITRUST_ENFORCEMENT_SINGLE_NAME,DOJ antitrust,0,0
FROZEN_TITLE_SEARCH_KEYSET,ANTITRUST_ENFORCEMENT_SINGLE_NAME,FTC antitrust,0,0
FROZEN_TITLE_SEARCH_KEYSET,ANTITRUST_ENFORCEMENT_SINGLE_NAME,antitrust lawsuit,0,0
FROZEN_TITLE_SEARCH_KEYSET,ANTITRUST_ENFORCEMENT_SINGLE_NAME,antitrust trial,0,0
FROZEN_TITLE_SEARCH_KEYSET,ANTITRUST_ENFORCEMENT_SINGLE_NAME,competition regulator,0,0
FROZEN_TITLE_SEARCH_KEYSET,ANTITRUST_ENFORCEMENT_SINGLE_NAME,monopoly case,0,0
PUBLIC_SEARCH_TAG_TO_RELATED_TAG_EVENT_EXPANSION,ANTITRUST_ENFORCEMENT_SINGLE_NAME,tag:antitrust,2,0
PUBLIC_SEARCH_TAG_TO_RELATED_TAG_EVENT_EXPANSION,ANTITRUST_ENFORCEMENT_SINGLE_NAME,tag:court-cases,45,0
PUBLIC_SEARCH_TAG_TO_RELATED_TAG_EVENT_EXPANSION,ANTITRUST_ENFORCEMENT_SINGLE_NAME,tag:ftc,3,0
PUBLIC_SEARCH_TAG_TO_RELATED_TAG_EVENT_EXPANSION,ANTITRUST_ENFORCEMENT_SINGLE_NAME,tag:meta-vs-ftc,5,0
FROZEN_PUBLIC_SEARCH,CORPORATE_LITIGATION_BINARY,corporate lawsuit,19,1
FROZEN_PUBLIC_SEARCH,CORPORATE_LITIGATION_BINARY,corporate verdict,19,1
FROZEN_PUBLIC_SEARCH,CORPORATE_LITIGATION_BINARY,court injunction,265,2
FROZEN_PUBLIC_SEARCH,CORPORATE_LITIGATION_BINARY,court ruling company,265,2
FROZEN_PUBLIC_SEARCH,CORPORATE_LITIGATION_BINARY,lawsuit settlement,10,0
FROZEN_TITLE_SEARCH_KEYSET,CORPORATE_LITIGATION_BINARY,corporate lawsuit,0,0
FROZEN_TITLE_SEARCH_KEYSET,CORPORATE_LITIGATION_BINARY,corporate verdict,0,0
FROZEN_TITLE_SEARCH_KEYSET,CORPORATE_LITIGATION_BINARY,court injunction,0,0
FROZEN_TITLE_SEARCH_KEYSET,CORPORATE_LITIGATION_BINARY,court ruling company,0,0
FROZEN_TITLE_SEARCH_KEYSET,CORPORATE_LITIGATION_BINARY,lawsuit settlement,0,0
PUBLIC_SEARCH_TAG_TO_RELATED_TAG_EVENT_EXPANSION,CORPORATE_LITIGATION_BINARY,tag:corporate-financials,4,0
PUBLIC_SEARCH_TAG_TO_RELATED_TAG_EVENT_EXPANSION,CORPORATE_LITIGATION_BINARY,tag:court,20,0
PUBLIC_SEARCH_TAG_TO_RELATED_TAG_EVENT_EXPANSION,CORPORATE_LITIGATION_BINARY,tag:court-cases,45,0
FROZEN_PUBLIC_SEARCH,EARNINGS_EPS,EPS,251,1
FROZEN_PUBLIC_SEARCH,EARNINGS_EPS,earnings,1000,2
FROZEN_PUBLIC_SEARCH,EARNINGS_EPS,earnings per share,1000,2
FROZEN_PUBLIC_SEARCH,EARNINGS_EPS,quarterly earnings,1000,1
FROZEN_TITLE_SEARCH_KEYSET,EARNINGS_EPS,EPS,183,0
FROZEN_TITLE_SEARCH_KEYSET,EARNINGS_EPS,earnings,1446,0
FROZEN_TITLE_SEARCH_KEYSET,EARNINGS_EPS,earnings per share,0,0
FROZEN_TITLE_SEARCH_KEYSET,EARNINGS_EPS,quarterly earnings,1245,0
PUBLIC_SEARCH_TAG_TO_RELATED_TAG_EVENT_EXPANSION,EARNINGS_EPS,tag:earnings,1259,0
PUBLIC_SEARCH_TAG_TO_RELATED_TAG_EVENT_EXPANSION,EARNINGS_EPS,tag:earnings-calls,100,0
PUBLIC_SEARCH_TAG_TO_RELATED_TAG_EVENT_EXPANSION,EARNINGS_EPS,tag:epstein,146,0
PUBLIC_SEARCH_TAG_TO_RELATED_TAG_EVENT_EXPANSION,EARNINGS_EPS,tag:quarterly,1,0
FROZEN_PUBLIC_SEARCH,FDA_ADVISORY_COMMITTEE,FDA AdCom,71,0
FROZEN_PUBLIC_SEARCH,FDA_ADVISORY_COMMITTEE,FDA advisory committee,71,0
FROZEN_PUBLIC_SEARCH,FDA_ADVISORY_COMMITTEE,FDA panel,71,1
FROZEN_PUBLIC_SEARCH,FDA_ADVISORY_COMMITTEE,advisory committee drug,1,1
FROZEN_TITLE_SEARCH_KEYSET,FDA_ADVISORY_COMMITTEE,FDA AdCom,0,0
FROZEN_TITLE_SEARCH_KEYSET,FDA_ADVISORY_COMMITTEE,FDA advisory committee,0,0
FROZEN_TITLE_SEARCH_KEYSET,FDA_ADVISORY_COMMITTEE,FDA panel,0,0
FROZEN_TITLE_SEARCH_KEYSET,FDA_ADVISORY_COMMITTEE,advisory committee drug,0,0
PUBLIC_SEARCH_TAG_TO_RELATED_TAG_EVENT_EXPANSION,FDA_ADVISORY_COMMITTEE,tag:druze,13,0
PUBLIC_SEARCH_TAG_TO_RELATED_TAG_EVENT_EXPANSION,FDA_ADVISORY_COMMITTEE,tag:kash-patel,15,0
FROZEN_PUBLIC_SEARCH,FDA_FINAL_PDUFA_DECISION,FDA approval,6,1
FROZEN_PUBLIC_SEARCH,FDA_FINAL_PDUFA_DECISION,FDA decision,71,0
FROZEN_PUBLIC_SEARCH,FDA_FINAL_PDUFA_DECISION,PDUFA,0,0
FROZEN_PUBLIC_SEARCH,FDA_FINAL_PDUFA_DECISION,drug approval,1,1
FROZEN_TITLE_SEARCH_KEYSET,FDA_FINAL_PDUFA_DECISION,FDA approval,6,0
FROZEN_TITLE_SEARCH_KEYSET,FDA_FINAL_PDUFA_DECISION,FDA decision,0,0
FROZEN_TITLE_SEARCH_KEYSET,FDA_FINAL_PDUFA_DECISION,PDUFA,0,0
FROZEN_TITLE_SEARCH_KEYSET,FDA_FINAL_PDUFA_DECISION,drug approval,0,0
PUBLIC_SEARCH_TAG_TO_RELATED_TAG_EVENT_EXPANSION,FDA_FINAL_PDUFA_DECISION,tag:approval,159,0
FROZEN_PUBLIC_SEARCH,FOMC_DECISION,FOMC,43,1
FROZEN_PUBLIC_SEARCH,FOMC_DECISION,Fed rate cut,17,1
FROZEN_PUBLIC_SEARCH,FOMC_DECISION,Fed rate decision,35,1
FROZEN_PUBLIC_SEARCH,FOMC_DECISION,Fed rate hike,5,1
FROZEN_PUBLIC_SEARCH,FOMC_DECISION,Federal Reserve decision,3,1
FROZEN_TERM_MATCHED_SERIES_TO_EVENT_EXPANSION,FOMC_DECISION,series:35,35,0
FROZEN_TITLE_SEARCH_KEYSET,FOMC_DECISION,FOMC,4,0
FROZEN_TITLE_SEARCH_KEYSET,FOMC_DECISION,Fed rate cut,7,0
FROZEN_TITLE_SEARCH_KEYSET,FOMC_DECISION,Fed rate decision,0,0
FROZEN_TITLE_SEARCH_KEYSET,FOMC_DECISION,Fed rate hike,2,0
FROZEN_TITLE_SEARCH_KEYSET,FOMC_DECISION,Federal Reserve decision,0,0
PUBLIC_SEARCH_TAG_TO_RELATED_TAG_EVENT_EXPANSION,FOMC_DECISION,tag:fed-rates,130,0
PUBLIC_SEARCH_TAG_TO_RELATED_TAG_EVENT_EXPANSION,FOMC_DECISION,tag:federal,1,0
PUBLIC_SEARCH_TAG_TO_RELATED_TAG_EVENT_EXPANSION,FOMC_DECISION,tag:fomc,29,0
FROZEN_PUBLIC_SEARCH,MACRO_STATISTICAL_RELEASE,CPI,99,2
FROZEN_PUBLIC_SEARCH,MACRO_STATISTICAL_RELEASE,GDP release,58,1
FROZEN_PUBLIC_SEARCH,MACRO_STATISTICAL_RELEASE,PPI,3,0
FROZEN_PUBLIC_SEARCH,MACRO_STATISTICAL_RELEASE,consumer price index,1,0
FROZEN_PUBLIC_SEARCH,MACRO_STATISTICAL_RELEASE,jobs report,21,1
FROZEN_PUBLIC_SEARCH,MACRO_STATISTICAL_RELEASE,nonfarm payrolls,15,0
FROZEN_PUBLIC_SEARCH,MACRO_STATISTICAL_RELEASE,retail sales,1,3
FROZEN_PUBLIC_SEARCH,MACRO_STATISTICAL_RELEASE,unemployment rate,50,3
FROZEN_TERM_MATCHED_SERIES_TO_EVENT_EXPANSION,MACRO_STATISTICAL_RELEASE,series:5,21,0
FROZEN_TITLE_SEARCH_KEYSET,MACRO_STATISTICAL_RELEASE,CPI,6,0
FROZEN_TITLE_SEARCH_KEYSET,MACRO_STATISTICAL_RELEASE,GDP release,0,0
FROZEN_TITLE_SEARCH_KEYSET,MACRO_STATISTICAL_RELEASE,PPI,509,0
FROZEN_TITLE_SEARCH_KEYSET,MACRO_STATISTICAL_RELEASE,consumer price index,0,0
FROZEN_TITLE_SEARCH_KEYSET,MACRO_STATISTICAL_RELEASE,jobs report,5,0
FROZEN_TITLE_SEARCH_KEYSET,MACRO_STATISTICAL_RELEASE,nonfarm payrolls,0,0
FROZEN_TITLE_SEARCH_KEYSET,MACRO_STATISTICAL_RELEASE,retail sales,0,0
FROZEN_TITLE_SEARCH_KEYSET,MACRO_STATISTICAL_RELEASE,unemployment rate,38,0
PUBLIC_SEARCH_TAG_TO_RELATED_TAG_EVENT_EXPANSION,MACRO_STATISTICAL_RELEASE,tag:Global-Rates,77,0
PUBLIC_SEARCH_TAG_TO_RELATED_TAG_EVENT_EXPANSION,MACRO_STATISTICAL_RELEASE,tag:cpi,67,0
PUBLIC_SEARCH_TAG_TO_RELATED_TAG_EVENT_EXPANSION,MACRO_STATISTICAL_RELEASE,tag:cpi-release,11,0
PUBLIC_SEARCH_TAG_TO_RELATED_TAG_EVENT_EXPANSION,MACRO_STATISTICAL_RELEASE,tag:fed-rates,130,0
PUBLIC_SEARCH_TAG_TO_RELATED_TAG_EVENT_EXPANSION,MACRO_STATISTICAL_RELEASE,tag:gdp,31,0
PUBLIC_SEARCH_TAG_TO_RELATED_TAG_EVENT_EXPANSION,MACRO_STATISTICAL_RELEASE,tag:jobs-report,18,0
PUBLIC_SEARCH_TAG_TO_RELATED_TAG_EVENT_EXPANSION,MACRO_STATISTICAL_RELEASE,tag:public-sales,28,0
PUBLIC_SEARCH_TAG_TO_RELATED_TAG_EVENT_EXPANSION,MACRO_STATISTICAL_RELEASE,tag:rate,9,0
PUBLIC_SEARCH_TAG_TO_RELATED_TAG_EVENT_EXPANSION,MACRO_STATISTICAL_RELEASE,tag:salesforce,1,0
PUBLIC_SEARCH_TAG_TO_RELATED_TAG_EVENT_EXPANSION,MACRO_STATISTICAL_RELEASE,tag:token-sales,28,0
FROZEN_PUBLIC_SEARCH,MA_PENDING_COMPLETION,acquisition close,4,0
FROZEN_PUBLIC_SEARCH,MA_PENDING_COMPLETION,deal close,27,3
FROZEN_PUBLIC_SEARCH,MA_PENDING_COMPLETION,deal closing,1,3
FROZEN_PUBLIC_SEARCH,MA_PENDING_COMPLETION,deal completion,187,3
FROZEN_PUBLIC_SEARCH,MA_PENDING_COMPLETION,merger close,3,0
FROZEN_PUBLIC_SEARCH,MA_PENDING_COMPLETION,outside date merger,10,0
FROZEN_PUBLIC_SEARCH,MA_PENDING_COMPLETION,shareholder vote acquisition,1,0
FROZEN_PUBLIC_SEARCH,MA_PENDING_COMPLETION,tender offer,24,1
FROZEN_TITLE_SEARCH_KEYSET,MA_PENDING_COMPLETION,acquisition close,0,0
FROZEN_TITLE_SEARCH_KEYSET,MA_PENDING_COMPLETION,deal close,0,0
FROZEN_TITLE_SEARCH_KEYSET,MA_PENDING_COMPLETION,deal closing,0,0
FROZEN_TITLE_SEARCH_KEYSET,MA_PENDING_COMPLETION,deal completion,0,0
FROZEN_TITLE_SEARCH_KEYSET,MA_PENDING_COMPLETION,merger close,2,0
FROZEN_TITLE_SEARCH_KEYSET,MA_PENDING_COMPLETION,outside date merger,0,0
FROZEN_TITLE_SEARCH_KEYSET,MA_PENDING_COMPLETION,shareholder vote acquisition,0,0
FROZEN_TITLE_SEARCH_KEYSET,MA_PENDING_COMPLETION,tender offer,0,0
PUBLIC_SEARCH_TAG_TO_RELATED_TAG_EVENT_EXPANSION,MA_PENDING_COMPLETION,tag:iran-offensive-actions,26,0
PUBLIC_SEARCH_TAG_TO_RELATED_TAG_EVENT_EXPANSION,MA_PENDING_COMPLETION,tag:peace-deal,24,0
PUBLIC_SEARCH_TAG_TO_RELATED_TAG_EVENT_EXPANSION,MA_PENDING_COMPLETION,tag:trade-deal,7,0
PUBLIC_SEARCH_TAG_TO_RELATED_TAG_EVENT_EXPANSION,MA_PENDING_COMPLETION,tag:ukraine-peace-deal,32,0
FROZEN_PUBLIC_SEARCH,MA_PRE_ANNOUNCEMENT_OR_RUMOR,acquisition announcement,25,0
FROZEN_PUBLIC_SEARCH,MA_PRE_ANNOUNCEMENT_OR_RUMOR,acquisition rumor,25,0
FROZEN_PUBLIC_SEARCH,MA_PRE_ANNOUNCEMENT_OR_RUMOR,buyout,2,0
FROZEN_PUBLIC_SEARCH,MA_PRE_ANNOUNCEMENT_OR_RUMOR,merger announcement,14,0
FROZEN_PUBLIC_SEARCH,MA_PRE_ANNOUNCEMENT_OR_RUMOR,merger rumor,14,0
FROZEN_PUBLIC_SEARCH,MA_PRE_ANNOUNCEMENT_OR_RUMOR,takeover rumor,5,0
FROZEN_TITLE_SEARCH_KEYSET,MA_PRE_ANNOUNCEMENT_OR_RUMOR,acquisition announcement,0,0
FROZEN_TITLE_SEARCH_KEYSET,MA_PRE_ANNOUNCEMENT_OR_RUMOR,acquisition rumor,0,0
FROZEN_TITLE_SEARCH_KEYSET,MA_PRE_ANNOUNCEMENT_OR_RUMOR,buyout,2,0
FROZEN_TITLE_SEARCH_KEYSET,MA_PRE_ANNOUNCEMENT_OR_RUMOR,merger announcement,0,0
FROZEN_TITLE_SEARCH_KEYSET,MA_PRE_ANNOUNCEMENT_OR_RUMOR,merger rumor,0,0
FROZEN_TITLE_SEARCH_KEYSET,MA_PRE_ANNOUNCEMENT_OR_RUMOR,takeover rumor,0,0
FROZEN_PUBLIC_SEARCH,MA_REGULATORY_CLEARANCE,CMA merger approval,4,1
FROZEN_PUBLIC_SEARCH,MA_REGULATORY_CLEARANCE,DOJ merger approval,19,1
FROZEN_PUBLIC_SEARCH,MA_REGULATORY_CLEARANCE,European Commission merger,2,1
FROZEN_PUBLIC_SEARCH,MA_REGULATORY_CLEARANCE,FTC merger approval,7,2
FROZEN_PUBLIC_SEARCH,MA_REGULATORY_CLEARANCE,antitrust clearance merger,8,1
FROZEN_PUBLIC_SEARCH,MA_REGULATORY_CLEARANCE,merger clearance,14,0
FROZEN_PUBLIC_SEARCH,MA_REGULATORY_CLEARANCE,regulatory approval acquisition,19,0
FROZEN_TITLE_SEARCH_KEYSET,MA_REGULATORY_CLEARANCE,CMA merger approval,0,0
FROZEN_TITLE_SEARCH_KEYSET,MA_REGULATORY_CLEARANCE,DOJ merger approval,0,0
FROZEN_TITLE_SEARCH_KEYSET,MA_REGULATORY_CLEARANCE,European Commission merger,0,0
FROZEN_TITLE_SEARCH_KEYSET,MA_REGULATORY_CLEARANCE,FTC merger approval,0,0
FROZEN_TITLE_SEARCH_KEYSET,MA_REGULATORY_CLEARANCE,antitrust clearance merger,0,0
FROZEN_TITLE_SEARCH_KEYSET,MA_REGULATORY_CLEARANCE,merger clearance,0,0
FROZEN_TITLE_SEARCH_KEYSET,MA_REGULATORY_CLEARANCE,regulatory approval acquisition,0,0
PUBLIC_SEARCH_TAG_TO_RELATED_TAG_EVENT_EXPANSION,MA_REGULATORY_CLEARANCE,tag:antitrust,2,0
PUBLIC_SEARCH_TAG_TO_RELATED_TAG_EVENT_EXPANSION,MA_REGULATORY_CLEARANCE,tag:approval,159,0
PUBLIC_SEARCH_TAG_TO_RELATED_TAG_EVENT_EXPANSION,MA_REGULATORY_CLEARANCE,tag:europe,39,0
PUBLIC_SEARCH_TAG_TO_RELATED_TAG_EVENT_EXPANSION,MA_REGULATORY_CLEARANCE,tag:ftc,3,0
PUBLIC_SEARCH_TAG_TO_RELATED_TAG_EVENT_EXPANSION,MA_REGULATORY_CLEARANCE,tag:meta-vs-ftc,5,0
