trade_rows,executed_trades,abstains,unique_events,wins,losses,hit_rate,total_net_pnl,mean_net_pnl,median_net_pnl,std_net_pnl,min_net_pnl,max_net_pnl,total_stake,aggregate_roi_on_stake,avg_entry_yes,avg_history_points,breakdown,venue,entry_year,month,quarter,side,category,entry_yes_bin
185.0,182.0,3.0,182.0,179.0,3.0,0.9835164835164835,3.169999999999998,0.017417582417582407,0.01,0.11618917380307052,-0.96,0.24,174.01,0.01821734383081431,0.05994505494505495,11.296703296703297,venue,FORECASTEX,,,,,,
355.0,229.0,126.0,229.0,208.0,21.0,0.9082969432314411,-0.8150000000000029,-0.003558951965065515,0.03,0.2709858136552642,-0.99,0.3400000000000001,208.56499999999997,-0.003907654687986973,0.6874934497816593,80.67685589519651,venue,KALSHI,,,,,,
1435.0,863.0,572.0,863.0,709.0,153.0,0.8215527230590962,5.60349922226267,0.0064930466074886095,0.15,0.3702300790457172,-0.9565,0.35,704.3965,0.007955035583315178,0.6702612977983778,10.522595596755504,venue,POLYMARKET,,,,,,
35.0,9.0,26.0,9.0,8.0,1.0,0.8888888888888888,0.4899999999999996,0.0544444444444444,0.1049999999999999,0.3040707611359201,-0.7050000000000001,0.3349999999999999,7.510000000000001,0.06524633821571232,0.6533333333333333,40.888888888888886,year,,2021.0,,,,,
62.0,30.0,32.0,30.0,23.0,7.0,0.7666666666666667,-1.9100000000000008,-0.06366666666666669,0.0874999999999999,0.42699215314871386,-0.99,0.3349999999999999,24.91,-0.07667603372139706,0.7623333333333334,55.6,year,,2022.0,,,,,
39.0,33.0,6.0,32.0,31.0,1.0,0.9393939393939394,0.7129992222626971,0.021606037038263547,0.02,0.1445575033552174,-0.72,0.29,31.287,0.022788992944759712,0.6642727272727272,14.818181818181818,year,,2023.0,,,,,
66.0,56.0,10.0,55.0,54.0,2.0,0.9642857142857143,1.722499999999998,0.030758928571428534,0.02,0.1784889604702214,-0.8300000000000001,0.25,52.2775,0.03294916551097504,0.3883303571428571,16.089285714285715,year,,2024.0,,,,,
638.0,437.0,201.0,396.0,385.0,52.0,0.8810068649885584,6.888499999999988,0.015763157894736816,0.0699999999999999,0.3068986240625277,-0.96,0.3400000000000001,376.7715,0.01828296460852264,0.5072986270022882,30.4324942791762,year,,2025.0,,,,,
1135.0,709.0,426.0,671.0,595.0,114.0,0.8392101551480959,0.05449999999998356,7.686882933707132e-05,0.1149999999999999,0.35174459279459924,-0.99,0.35,594.2155,9.171756711156737e-05,0.638468970380818,18.176304654442877,year,,2026.0,,,,,
112.0,109.0,3.0,109.0,107.0,2.0,0.981651376146789,2.0799999999999987,0.01908256880733944,0.01,0.13030264830886243,-0.96,0.24,103.83,0.02003274583453721,0.05743119266055045,11.330275229357799,venue_year,FORECASTEX,2025.0,,,,,
73.0,73.0,0.0,73.0,72.0,1.0,0.9863013698630136,1.0899999999999994,0.01493150684931506,0.01,0.09197105957357868,-0.71,0.11,70.18,0.015531490453120538,0.06369863013698629,11.246575342465754,venue_year,FORECASTEX,2026.0,,,,,
35.0,9.0,26.0,9.0,8.0,1.0,0.8888888888888888,0.4899999999999996,0.0544444444444444,0.1049999999999999,0.3040707611359201,-0.7050000000000001,0.3349999999999999,7.510000000000001,0.06524633821571232,0.6533333333333333,40.888888888888886,venue_year,KALSHI,2021.0,,,,,
62.0,30.0,32.0,30.0,23.0,7.0,0.7666666666666667,-1.9100000000000008,-0.06366666666666669,0.0874999999999999,0.42699215314871386,-0.99,0.3349999999999999,24.91,-0.07667603372139706,0.7623333333333334,55.6,venue_year,KALSHI,2022.0,,,,,
25.0,23.0,2.0,23.0,22.0,1.0,0.9565217391304348,0.4600000000000002,0.020000000000000007,0.03,0.1737487737039786,-0.72,0.29,21.539999999999996,0.02135561745589602,0.7817391304347826,15.347826086956522,venue_year,KALSHI,2023.0,,,,,
31.0,30.0,1.0,30.0,29.0,1.0,0.9666666666666667,0.15499999999999978,0.005166666666666659,0.02,0.1617974645667536,-0.8300000000000001,0.15,28.845,0.005373548275264336,0.5961666666666666,17.9,venue_year,KALSHI,2024.0,,,,,
80.0,67.0,13.0,67.0,62.0,5.0,0.9253731343283582,-0.3400000000000006,-0.00507462686567165,0.03,0.2468552092754973,-0.88,0.3400000000000001,62.09000000000001,-0.005475922048639081,0.646865671641791,140.6417910447761,venue_year,KALSHI,2025.0,,,,,
122.0,70.0,52.0,70.0,64.0,6.0,0.9142857142857143,0.32999999999999874,0.004714285714285696,0.037500000000000006,0.27218692388153237,-0.99,0.3400000000000001,63.67,0.005182974713365773,0.7068714285714285,87.51428571428572,venue_year,KALSHI,2026.0,,,,,
14.0,10.0,4.0,10.0,9.0,0.0,0.9,0.2529992222626973,0.025299922226269728,0.013000000000000001,0.02199526160917859,0.0,0.06,9.747,0.025956624834584722,0.3941,13.6,venue_year,POLYMARKET,2023.0,,,,,
35.0,26.0,9.0,26.0,25.0,1.0,0.9615384615384616,1.5674999999999986,0.060288461538461485,0.06049999999999995,0.19500893174810857,-0.79,0.25,23.4325,0.06689427077776586,0.1485192307692308,14.0,venue_year,POLYMARKET,2024.0,,,,,
446.0,261.0,185.0,261.0,216.0,45.0,0.8275862068965517,5.148499999999991,0.01972605363984671,0.17,0.36781817551838575,-0.915,0.3399999999999999,210.85150000000002,0.024417658873662228,0.6593467432950191,10.118773946360154,venue_year,POLYMARKET,2025.0,,,,,
940.0,566.0,374.0,566.0,459.0,107.0,0.8109540636042403,-1.3655000000000168,-0.002412544169611337,0.145,0.3806252760196308,-0.9565,0.35,460.3655,-0.0029661214839079315,0.7041404593639576,10.49469964664311,venue_year,POLYMARKET,2026.0,,,,,
6.0,3.0,3.0,3.0,2.0,1.0,0.6666666666666666,-0.3100000000000002,-0.1033333333333334,0.1049999999999999,0.5292053791613738,-0.7050000000000001,0.29,2.31,-0.1341991341991343,0.6333333333333333,36.666666666666664,month,,,2021-07,,,,
4.0,0.0,4.0,0.0,0.0,0.0,,0.0,,,,,,,,,,month,,,2021-08,,,,
6.0,0.0,6.0,0.0,0.0,0.0,,0.0,,,,,,,,,,month,,,2021-09,,,,
9.0,4.0,5.0,4.0,4.0,0.0,1.0,0.4049999999999999,0.10124999999999998,0.08249999999999995,0.07608931155775646,0.035,0.205,3.5949999999999998,0.11265646731571625,0.67625,55.0,month,,,2021-10,,,,
4.0,1.0,3.0,1.0,1.0,0.0,1.0,0.06,0.06,0.06,,0.06,0.06,0.94,0.06382978723404255,0.94,28.0,month,,,2021-11,,,,
6.0,1.0,5.0,1.0,1.0,0.0,1.0,0.3349999999999999,0.3349999999999999,0.3349999999999999,,0.3349999999999999,0.3349999999999999,0.665,0.5037593984962404,0.335,10.0,month,,,2021-12,,,,
7.0,4.0,3.0,4.0,2.0,2.0,0.5,-1.6349999999999998,-0.40874999999999995,-0.39499999999999996,0.5791139064697606,-0.99,0.145,3.6350000000000002,-0.44979367262723513,0.9087500000000001,63.5,month,,,2022-01,,,,
5.0,2.0,3.0,2.0,2.0,0.0,1.0,0.3849999999999999,0.19249999999999995,0.19249999999999995,0.1520279579551078,0.0849999999999999,0.3,1.615,0.23839009287925692,0.8075,53.0,month,,,2022-02,,,,
4.0,1.0,3.0,1.0,1.0,0.0,1.0,0.28,0.28,0.28,,0.28,0.28,0.72,0.38888888888888895,0.28,31.0,month,,,2022-03,,,,
7.0,4.0,3.0,4.0,3.0,1.0,0.75,-0.4250000000000001,-0.10625000000000002,0.05249999999999995,0.4747170209714415,-0.8,0.27,3.425,-0.12408759124087594,0.85625,57.5,month,,,2022-04,,,,
5.0,1.0,4.0,1.0,1.0,0.0,1.0,0.035,0.035,0.035,,0.035,0.035,0.965,0.036269430051813475,0.965,121.0,month,,,2022-05,,,,
5.0,1.0,4.0,1.0,1.0,0.0,1.0,0.3,0.3,0.3,,0.3,0.3,0.7,0.4285714285714286,0.7,29.0,month,,,2022-06,,,,
7.0,6.0,1.0,6.0,5.0,1.0,0.8333333333333334,0.125,0.020833333333333332,0.20249999999999996,0.4609708956828692,-0.895,0.33,4.875,0.02564102564102564,0.7141666666666667,78.33333333333333,month,,,2022-07,,,,
4.0,1.0,3.0,1.0,1.0,0.0,1.0,0.15,0.15,0.15,,0.15,0.15,0.85,0.17647058823529413,0.85,22.0,month,,,2022-08,,,,
6.0,3.0,3.0,3.0,0.0,3.0,0.0,-2.085,-0.695,-0.69,0.047696960070847276,-0.745,-0.65,2.085,-1.0,0.46833333333333327,56.333333333333336,month,,,2022-09,,,,
7.0,4.0,3.0,4.0,4.0,0.0,1.0,0.46499999999999975,0.11624999999999994,0.0874999999999999,0.09303897032964199,0.04,0.25,3.535,0.13154172560113148,0.88375,43.75,month,,,2022-10,,,,
3.0,1.0,2.0,1.0,1.0,0.0,1.0,0.3349999999999999,0.3349999999999999,0.3349999999999999,,0.3349999999999999,0.3349999999999999,0.665,0.5037593984962404,0.335,3.0,month,,,2022-11,,,,
2.0,2.0,0.0,2.0,2.0,0.0,1.0,0.15999999999999992,0.07999999999999996,0.07999999999999996,0.014142135623730874,0.07,0.0899999999999999,1.84,0.08695652173913039,0.92,29.0,month,,,2022-12,,,,
7.0,5.0,2.0,5.0,5.0,0.0,1.0,0.16499922226269734,0.032999844452539465,0.01,0.05426793661177801,0.005,0.13,4.835,0.03412600253623523,0.231,14.4,month,,,2023-01,,,,
1.0,1.0,0.0,1.0,1.0,0.0,1.0,0.015,0.015,0.015,,0.015,0.015,0.985,0.015228426395939085,0.985,19.0,month,,,2023-02,,,,
3.0,2.0,1.0,2.0,1.0,0.0,0.5,0.015,0.0075,0.0075,0.010606601717798213,0.0,0.015,1.9849999999999999,0.007556675062972292,0.4975,8.5,month,,,2023-03,,,,
5.0,4.0,1.0,4.0,4.0,0.0,1.0,0.15,0.0375,0.045,0.018929694486000914,0.01,0.05,3.8499999999999996,0.03896103896103896,0.72,24.0,month,,,2023-04,,,,
1.0,1.0,0.0,1.0,1.0,0.0,1.0,0.05,0.05,0.05,,0.05,0.05,0.95,0.052631578947368425,0.05,14.0,month,,,2023-05,,,,
2.0,2.0,0.0,2.0,2.0,0.0,1.0,0.3949999999999999,0.19749999999999995,0.19749999999999995,0.13081475451951136,0.1049999999999999,0.29,1.605,0.2461059190031152,0.5925,27.5,month,,,2023-06,,,,
5.0,5.0,0.0,4.0,5.0,0.0,1.0,0.15500000000000003,0.031000000000000007,0.015,0.026551836094703504,0.01,0.06,4.845000000000001,0.031991744066047476,0.7729999999999999,15.0,month,,,2023-07,,,,
4.0,3.0,1.0,3.0,3.0,0.0,1.0,0.15,0.049999999999999996,0.045,0.04769696007084728,0.005,0.1,2.8499999999999996,0.052631578947368425,0.9499999999999998,9.666666666666666,month,,,2023-09,,,,
6.0,5.0,1.0,5.0,5.0,0.0,1.0,0.155,0.031,0.03,0.01673320053068151,0.01,0.05,4.845,0.031991744066047476,0.969,7.8,month,,,2023-10,,,,
2.0,2.0,0.0,2.0,2.0,0.0,1.0,0.046,0.023,0.023,0.009899494936611665,0.016,0.03,1.954,0.02354145342886387,0.977,16.5,month,,,2023-11,,,,
3.0,3.0,0.0,3.0,2.0,1.0,0.6666666666666666,-0.583,-0.19433333333333333,0.007,0.45937602607595157,-0.72,0.13,2.583,-0.22570654277971347,0.38566666666666666,13.333333333333334,month,,,2023-12,,,,
4.0,4.0,0.0,4.0,4.0,0.0,1.0,0.29000000000000004,0.07250000000000001,0.015,0.11842719282327012,0.01,0.25,3.71,0.07816711590296498,0.6824999999999999,8.75,month,,,2024-01,,,,
2.0,1.0,1.0,1.0,1.0,0.0,1.0,0.025,0.025,0.025,,0.025,0.025,0.975,0.025641025641025644,0.975,3.0,month,,,2024-02,,,,
6.0,5.0,1.0,5.0,5.0,0.0,1.0,0.08299999999999978,0.016599999999999955,0.015,0.012386484569885023,0.0024999999999999,0.0354999999999999,4.917,0.016880211511083952,0.21059999999999998,18.2,month,,,2024-03,,,,
5.0,4.0,1.0,4.0,4.0,0.0,1.0,0.0474999999999999,0.011874999999999976,0.011249999999999951,0.0023935677693908363,0.01,0.015,3.9525000000000006,0.012017710309930398,0.499375,10.0,month,,,2024-04,,,,
3.0,3.0,0.0,3.0,3.0,0.0,1.0,0.2614999999999999,0.08716666666666663,0.0064999999999999,0.14101979766448874,0.005,0.25,2.7385,0.09549023187876571,0.4171666666666667,9.666666666666666,month,,,2024-05,,,,
7.0,6.0,1.0,6.0,5.0,1.0,0.8333333333333334,-0.27500000000000036,-0.04583333333333339,0.06499999999999995,0.3931210585388001,-0.8300000000000001,0.2299999999999999,5.275,-0.052132701421801014,0.39083333333333337,21.0,month,,,2024-06,,,,
4.0,3.0,1.0,3.0,3.0,0.0,1.0,0.1954999999999999,0.06516666666666664,0.04,0.0754657759075817,0.0054999999999999,0.15,2.8045,0.06970939561419144,0.2985,34.0,month,,,2024-07,,,,
4.0,4.0,0.0,4.0,4.0,0.0,1.0,0.2234999999999999,0.05587499999999997,0.025,0.07327843589124068,0.0084999999999999,0.165,3.7765,0.05918178207334831,0.530875,10.0,month,,,2024-08,,,,
8.0,5.0,3.0,5.0,5.0,0.0,1.0,0.3304999999999998,0.06609999999999996,0.0154999999999999,0.09242456383451314,0.005,0.2249999999999999,4.6695,0.0707784559374665,0.43210000000000004,23.0,month,,,2024-09,,,,
6.0,4.0,2.0,3.0,4.0,0.0,1.0,0.15399999999999991,0.03849999999999998,0.0235,0.04406434688800757,0.004,0.1029999999999999,3.8459999999999996,0.04004160166406654,0.477,11.75,month,,,2024-10,,,,
3.0,3.0,0.0,3.0,3.0,0.0,1.0,0.3699999999999999,0.1233333333333333,0.14,0.10598742063723093,0.01,0.2199999999999999,2.63,0.1406844106463878,0.44999999999999996,11.333333333333334,month,,,2024-11,,,,
14.0,14.0,0.0,14.0,13.0,1.0,0.9285714285714286,0.01699999999999946,0.0012142857142856758,0.055,0.23244219416098627,-0.79,0.18,12.982999999999997,0.0013094046060232198,0.21121428571428572,17.071428571428573,month,,,2024-12,,,,
19.0,19.0,0.0,16.0,18.0,1.0,0.9473684210526315,1.1364999999999994,0.059815789473684176,0.0599999999999999,0.23641966045139567,-0.82,0.3400000000000001,16.7535,0.06783657146267941,0.25876315789473686,19.05263157894737,month,,,2025-01,,,,
15.0,14.0,1.0,12.0,14.0,0.0,1.0,0.9809999999999997,0.07007142857142855,0.05999999999999995,0.05765342645860332,0.001,0.17,12.949,0.07575874584910029,0.28992857142857137,11.857142857142858,month,,,2025-02,,,,
14.0,13.0,1.0,9.0,12.0,1.0,0.9230769230769231,-0.49950000000000006,-0.03842307692307693,0.02,0.2516617973718106,-0.87,0.125,12.429499999999999,-0.040186652721348415,0.25311538461538463,16.0,month,,,2025-03,,,,
18.0,17.0,1.0,15.0,17.0,0.0,1.0,1.5834999999999997,0.09314705882352939,0.04,0.1070887139107517,8.673617379884035e-18,0.33,15.3365,0.10325041567502362,0.28314705882352936,26.470588235294116,month,,,2025-04,,,,
18.0,18.0,0.0,16.0,18.0,0.0,1.0,0.8950000000000001,0.04972222222222223,0.035,0.062201575122438964,8.673617379884035e-18,0.24,16.974999999999998,0.052724594992636244,0.21416666666666664,32.666666666666664,month,,,2025-05,,,,
22.0,18.0,4.0,17.0,17.0,1.0,0.9444444444444444,-0.025500000000000314,-0.0014166666666666841,0.01,0.22936980479771343,-0.86,0.275,16.9455,-0.0015048242896344348,0.13802777777777775,55.333333333333336,month,,,2025-06,,,,
22.0,19.0,3.0,14.0,17.0,2.0,0.8947368421052632,-0.8265000000000005,-0.043500000000000025,0.0114999999999999,0.2652770040710067,-0.88,0.1799999999999999,17.7565,-0.04654633514487655,0.31176315789473685,65.3157894736842,month,,,2025-07,,,,
18.0,18.0,0.0,14.0,17.0,1.0,0.9444444444444444,-0.28600000000000003,-0.01588888888888889,0.0125,0.16778343495634973,-0.675,0.14,17.185999999999996,-0.016641452344931928,0.37022222222222223,66.77777777777777,month,,,2025-08,,,,
50.0,43.0,7.0,39.0,38.0,5.0,0.8837209302325582,1.4479999999999988,0.03367441860465114,0.135,0.32368979277860876,-0.96,0.3249999999999999,36.452,0.039723471963129565,0.561813953488372,30.0,month,,,2025-09,,,,
241.0,128.0,113.0,125.0,102.0,26.0,0.796875,0.7919999999999954,0.006187499999999964,0.1999999999999999,0.3934680649178993,-0.885,0.3399999999999999,101.128,0.007831658887746177,0.6950390625,16.328125,month,,,2025-10,,,,
140.0,78.0,62.0,76.0,69.0,9.0,0.8846153846153846,3.2114999999999982,0.0411730769230769,0.1375,0.30116921320085155,-0.865,0.3399999999999999,65.6885,0.048889836120477675,0.6639935897435898,15.602564102564102,month,,,2025-11,,,,
61.0,52.0,9.0,49.0,46.0,6.0,0.8846153846153846,-1.5215000000000012,-0.029259615384615408,0.0325,0.3071211597537307,-0.915,0.3349999999999999,47.1715,-0.03225464528369887,0.3993942307692308,67.09615384615384,month,,,2025-12,,,,
158.0,132.0,26.0,125.0,105.0,27.0,0.7954545454545454,-3.7160000000000033,-0.028151515151515177,0.1024999999999999,0.38333719903712155,-0.935,0.3399999999999999,108.556,-0.034231180220347136,0.6184924242424243,21.53030303030303,month,,,2026-01,,,,
182.0,133.0,49.0,126.0,105.0,28.0,0.7894736842105263,-1.047500000000003,-0.007875939849624083,0.175,0.3894664347676999,-0.915,0.3399999999999999,105.92750000000001,-0.009888839064454489,0.6221992481203007,16.37593984962406,month,,,2026-02,,,,
68.0,44.0,24.0,40.0,38.0,6.0,0.8636363636363636,-0.985000000000001,-0.02238636363636366,0.035,0.33479431143989863,-0.9,0.345,38.885,-0.02533110453902536,0.47011363636363623,32.81818181818182,month,,,2026-03,,,,
262.0,96.0,166.0,91.0,88.0,8.0,0.9166666666666666,5.522999999999996,0.05753124999999996,0.09774999999999995,0.27949877894940883,-0.945,0.35,82.39699999999999,0.06702913941041538,0.6845,16.84375,month,,,2026-04,,,,
113.0,81.0,32.0,77.0,75.0,6.0,0.9259259259259259,3.8534999999999986,0.04757407407407405,0.1049999999999999,0.24955392842919633,-0.865,0.3400000000000001,71.04650000000001,0.05423912508005318,0.7174382716049382,22.82716049382716,month,,,2026-05,,,,
72.0,43.0,29.0,41.0,37.0,6.0,0.8604651162790697,-0.47050000000000114,-0.010941860465116306,0.06,0.34573083752466144,-0.99,0.3249999999999999,37.4405,-0.012566605681013907,0.46161627906976743,19.6046511627907,month,,,2026-06,,,,
272.0,177.0,95.0,173.0,146.0,31.0,0.8248587570621468,-1.658000000000004,-0.009367231638418102,0.13,0.36844339819045957,-0.9565,0.345,147.518,-0.011239306389728738,0.6914519774011298,11.757062146892656,month,,,2026-07,,,,
8.0,3.0,5.0,3.0,1.0,2.0,0.3333333333333333,-1.4449999999999998,-0.48166666666666663,-0.745,0.6465549731719131,-0.955,0.255,2.445,-0.591002044989775,0.5116666666666666,11.0,month,,,2026-08,,,,
16.0,3.0,13.0,3.0,2.0,1.0,0.6666666666666666,-0.3100000000000002,-0.1033333333333334,0.1049999999999999,0.5292053791613738,-0.7050000000000001,0.29,2.31,-0.1341991341991343,0.6333333333333333,36.666666666666664,quarter,,,,2021Q3,,,
19.0,6.0,13.0,6.0,6.0,0.0,1.0,0.7999999999999998,0.1333333333333333,0.08499999999999995,0.11621818561080129,0.035,0.3349999999999999,5.2,0.1538461538461538,0.6633333333333333,43.0,quarter,,,,2021Q4,,,
16.0,7.0,9.0,7.0,5.0,2.0,0.7142857142857143,-0.9699999999999998,-0.13857142857142854,0.0849999999999999,0.5347329106332297,-0.99,0.3,5.97,-0.16247906197654938,0.79,55.857142857142854,quarter,,,,2022Q1,,,
17.0,6.0,11.0,6.0,5.0,1.0,0.8333333333333334,-0.09000000000000014,-0.015000000000000022,0.06249999999999995,0.40276544042407614,-0.8,0.3,5.09,-0.017681728880157198,0.8483333333333333,63.333333333333336,quarter,,,,2022Q2,,,
17.0,10.0,7.0,10.0,6.0,4.0,0.6,-1.8099999999999996,-0.18099999999999997,0.08249999999999999,0.495937944146689,-0.895,0.33,7.8100000000000005,-0.23175416133162605,0.654,66.1,quarter,,,,2022Q3,,,
12.0,7.0,5.0,7.0,7.0,0.0,1.0,0.9599999999999995,0.13714285714285707,0.0899999999999999,0.1107496103400648,0.04,0.3349999999999999,6.04,0.1589403973509933,0.8157142857142857,33.714285714285715,quarter,,,,2022Q4,,,
11.0,8.0,3.0,8.0,7.0,0.0,0.875,0.19499922226269734,0.024374902782837167,0.01,0.042964931481511294,0.0,0.13,7.805,0.024983884979205298,0.391875,13.5,quarter,,,,2023Q1,,,
8.0,7.0,1.0,7.0,7.0,0.0,1.0,0.595,0.08499999999999999,0.05,0.09464847243000454,0.01,0.29,6.405,0.09289617486338797,0.5878571428571427,23.571428571428573,quarter,,,,2023Q2,,,
9.0,8.0,1.0,7.0,8.0,0.0,1.0,0.305,0.038125,0.03,0.033905067046513436,0.005,0.1,7.695,0.0396361273554256,0.839375,13.0,quarter,,,,2023Q3,,,
11.0,10.0,1.0,10.0,9.0,1.0,0.9,-0.38199999999999995,-0.0382,0.025,0.24217477618906189,-0.72,0.13,9.382,-0.04071626518865913,0.7956,11.2,quarter,,,,2023Q4,,,
12.0,10.0,2.0,10.0,10.0,0.0,1.0,0.39799999999999985,0.03979999999999999,0.0175,0.07444319236094654,0.0024999999999999,0.25,9.602,0.04144969797958757,0.4758,12.9,quarter,,,,2024Q1,,,
15.0,13.0,2.0,13.0,12.0,1.0,0.9230769230769231,0.033999999999999586,0.0026153846153845837,0.015,0.2658922991430736,-0.8300000000000001,0.25,11.966,0.002841383921109777,0.43030769230769234,15.0,quarter,,,,2024Q2,,,
16.0,12.0,4.0,12.0,12.0,0.0,1.0,0.7494999999999996,0.0624583333333333,0.025,0.07503346475628947,0.005,0.2249999999999999,11.250499999999999,0.06661926136616148,0.4316249999999999,21.416666666666668,quarter,,,,2024Q3,,,
23.0,21.0,2.0,20.0,20.0,1.0,0.9523809523809523,0.5409999999999993,0.025761904761904725,0.05,0.19599991192903757,-0.79,0.2199999999999999,19.459,0.02780204532607016,0.29595238095238097,15.238095238095237,quarter,,,,2024Q4,,,
48.0,46.0,2.0,35.0,44.0,2.0,0.9565217391304348,1.6179999999999994,0.03517391304347825,0.04,0.20592949757384077,-0.87,0.3400000000000001,42.132,0.03840311402259564,0.2666521739130434,16.0,quarter,,,,2025Q1,,,
58.0,53.0,5.0,47.0,52.0,1.0,0.9811320754716981,2.452999999999999,0.046283018867924505,0.04,0.15330611375215306,-0.86,0.33,49.257,0.049800028422356195,0.21043396226415093,38.37735849056604,quarter,,,,2025Q2,,,
90.0,80.0,10.0,65.0,72.0,8.0,0.9,0.3354999999999987,0.004193749999999984,0.024749999999999953,0.28090427548501196,-0.96,0.3249999999999999,71.39450000000001,0.004699241538213709,0.45931875,46.6625,quarter,,,,2025Q3,,,
442.0,258.0,184.0,249.0,217.0,41.0,0.8410852713178295,2.481999999999992,0.00962015503875966,0.15,0.35073108622577504,-0.915,0.3399999999999999,213.988,0.0115987812400695,0.6260658914728683,26.34108527131783,quarter,,,,2025Q4,,,
408.0,309.0,99.0,289.0,248.0,61.0,0.8025889967637541,-5.748500000000006,-0.018603559870550183,0.1149999999999999,0.37848009514682684,-0.935,0.345,253.36849999999995,-0.022688297874439826,0.5989595469255664,20.919093851132686,quarter,,,,2026Q1,,,
447.0,220.0,227.0,207.0,200.0,20.0,0.9090909090909091,8.905999999999992,0.04048181818181815,0.0999999999999999,0.2832417761868843,-0.99,0.35,190.88400000000001,0.04665660820183981,0.6530636363636364,19.586363636363636,quarter,,,,2026Q2,,,
280.0,180.0,100.0,176.0,147.0,33.0,0.8166666666666667,-3.103000000000004,-0.01723888888888891,0.13,0.37659313898948565,-0.9565,0.345,149.96300000000002,-0.020691770636757093,0.6884555555555555,11.744444444444444,quarter,,,,2026Q3,,,
701.0,0.0,701.0,0.0,0.0,0.0,,0.0,,,,,,,,,,side,,,,,ABSTAIN,,
405.0,405.0,0.0,370.0,376.0,28.0,0.928395061728395,1.8249992222626887,0.0045061709191671325,0.02,0.23255757418742162,-0.99,0.345,373.375,0.004887845255474225,0.08193827160493827,27.439506172839508,side,,,,,BUY_NO,,
869.0,869.0,0.0,868.0,720.0,149.0,0.8285385500575374,6.133499999999977,0.00705811277330262,0.145,0.36483430178584897,-0.99,0.35,713.5965,0.00859519350221025,0.8211697353279631,21.287686996547755,side,,,,,BUY_YES,,
3.0,0.0,3.0,0.0,0.0,0.0,,0.0,,,,,,,,,,venue_side,FORECASTEX,,,,ABSTAIN,,
180.0,180.0,0.0,180.0,178.0,2.0,0.9888888888888889,3.8799999999999972,0.02155555555555554,0.01,0.10332366146842989,-0.96,0.24,172.32,0.0225162488393686,0.051222222222222225,11.3,venue_side,FORECASTEX,,,,BUY_NO,,
2.0,2.0,0.0,2.0,1.0,1.0,0.5,-0.71,-0.355,-0.355,0.5020458146424487,-0.71,8.673617379884035e-18,1.69,-0.42011834319526625,0.845,11.0,venue_side,FORECASTEX,,,,BUY_YES,,
126.0,0.0,126.0,0.0,0.0,0.0,,0.0,,,,,,,,,,venue_side,KALSHI,,,,ABSTAIN,,
62.0,62.0,0.0,62.0,55.0,7.0,0.8870967741935484,-1.5645,-0.025233870967741937,0.0275,0.2917751452597142,-0.99,0.3400000000000001,56.564499999999995,-0.027658690521440127,0.08766935483870968,115.03225806451613,venue_side,KALSHI,,,,BUY_NO,,
167.0,167.0,0.0,167.0,153.0,14.0,0.9161676646706587,0.7494999999999966,0.004488023952095788,0.0349999999999999,0.2633170757581641,-0.99,0.3400000000000001,152.0005,0.004930904832549871,0.9101826347305388,67.92215568862275,venue_side,KALSHI,,,,BUY_YES,,
572.0,0.0,572.0,0.0,0.0,0.0,,0.0,,,,,,,,,,venue_side,POLYMARKET,,,,ABSTAIN,,
163.0,163.0,0.0,163.0,143.0,19.0,0.8773006134969326,-0.4905007777373094,-0.003009207225382266,0.0334999999999999,0.3005048706078176,-0.9565,0.345,144.4905,-0.0033946922305432494,0.11367791411042943,11.94478527607362,venue_side,POLYMARKET,,,,BUY_NO,,
700.0,700.0,0.0,700.0,566.0,134.0,0.8085714285714286,6.093999999999975,0.00870571428571425,0.165,0.384810580601651,-0.95,0.35,559.9060000000001,0.01088396980921793,0.7998657142857144,10.191428571428572,venue_side,POLYMARKET,,,,BUY_YES,,
5.0,4.0,1.0,4.0,4.0,0.0,1.0,0.2824999999999999,0.07062499999999998,0.04,0.0738346971281118,0.0224999999999999,0.18,3.7175000000000002,0.07599193006052452,0.070625,118.25,category,,,,,,ANTITRUST_ENFORCEMENT_SINGLE_NAME,
51.0,47.0,4.0,47.0,43.0,4.0,0.9148936170212766,1.381999999999999,0.029404255319148916,0.04,0.27554753078303756,-0.86,0.3400000000000001,41.617999999999995,0.033206785525493755,0.213531914893617,84.70212765957447,category,,,,,,CORPORATE_LITIGATION_BINARY,
114.0,72.0,42.0,71.0,63.0,9.0,0.875,-4.1325,-0.05739583333333334,0.02174999999999995,0.3018734920354253,-0.99,0.25,66.8825,-0.061787463088251796,0.8413541666666666,57.236111111111114,category,,,,,,CPI_INFLATION_RELEASE,
1257.0,710.0,547.0,710.0,570.0,140.0,0.8028169014084507,4.228499999999979,0.005955633802816872,0.165,0.38896746041848707,-0.95,0.35,565.7715000000001,0.007473865332559132,0.7817204225352113,10.163380281690142,category,,,,,,EARNINGS_EPS,
185.0,182.0,3.0,182.0,179.0,3.0,0.9835164835164835,3.169999999999998,0.017417582417582407,0.01,0.11618917380307052,-0.96,0.24,174.01,0.01821734383081431,0.05994505494505495,11.296703296703297,category,,,,,,Economic Indicators,
9.0,7.0,2.0,7.0,6.0,1.0,0.8571428571428571,-0.475,-0.06785714285714285,0.035,0.3759305913646953,-0.9,0.25,6.475,-0.07335907335907337,0.42071428571428576,125.28571428571429,category,,,,,,FDA_FINAL_PDUFA_DECISION,
62.0,57.0,5.0,51.0,53.0,3.0,0.9298245614035088,-0.2675007777373052,-0.004692996100654477,0.0114999999999999,0.19653933877121213,-0.915,0.31,54.2675,-0.004929299815493715,0.17206140350877192,29.210526315789473,category,,,,,,FOMC_DECISION,
56.0,51.0,5.0,43.0,49.0,2.0,0.9607843137254902,1.9864999999999988,0.03895098039215684,0.0334999999999999,0.17631937655578192,-0.8,0.3400000000000001,47.0135,0.042253820711072324,0.5160294117647058,46.15686274509804,category,,,,,,GDP_RELEASE,
10.0,9.0,1.0,9.0,8.0,1.0,0.8888888888888888,-0.3160000000000001,-0.03511111111111112,0.01,0.3287037779081815,-0.865,0.3249999999999999,8.316,-0.03799903799903801,0.156,53.44444444444444,category,,,,,,MA_PRE_ANNOUNCEMENT_OR_RUMOR,
1.0,1.0,0.0,1.0,1.0,0.0,1.0,0.1949999999999999,0.1949999999999999,0.1949999999999999,,0.1949999999999999,0.1949999999999999,0.805,0.24223602484472034,0.805,3.0,category,,,,,,MA_REGULATORY_CLEARANCE,
33.0,26.0,7.0,25.0,23.0,3.0,0.8846153846153846,0.24549999999999927,0.009442307692307665,0.0949999999999999,0.3085899650644226,-0.9565,0.25,22.7545,0.010789074688523118,0.15559615384615383,16.23076923076923,category,,,,,,PAYROLLS_JOBS_RELEASE,
22.0,18.0,4.0,18.0,18.0,0.0,1.0,0.7499999999999998,0.04166666666666666,0.025,0.05173461692363532,0.015,0.235,17.25,0.0434782608695652,0.9583333333333334,28.444444444444443,category,,,,,,PCE_RELEASE,
10.0,5.0,5.0,5.0,4.0,1.0,0.8,-0.4450000000000003,-0.08900000000000005,0.0949999999999999,0.436483103911251,-0.865,0.1799999999999999,4.445,-0.10011248593925764,0.889,86.6,category,,,,,,RETAIL_SALES_RELEASE,
160.0,85.0,75.0,78.0,75.0,10.0,0.8823529411764706,1.3544999999999978,0.015935294117647034,0.05,0.31797649647564263,-0.99,0.3349999999999999,73.6455,0.018392162453917726,0.5051117647058824,59.03529411764706,category,,,,,,UNEMPLOYMENT_RELEASE,
185.0,182.0,3.0,182.0,179.0,3.0,0.9835164835164835,3.169999999999998,0.017417582417582407,0.01,0.11618917380307052,-0.96,0.24,174.01,0.01821734383081431,0.05994505494505495,11.296703296703297,venue_category,FORECASTEX,,,,,Economic Indicators,
2.0,2.0,0.0,2.0,2.0,0.0,1.0,0.08,0.04,0.04,0.014142135623730954,0.03,0.05,1.92,0.04166666666666667,0.04,222.5,venue_category,KALSHI,,,,,ANTITRUST_ENFORCEMENT_SINGLE_NAME,
26.0,25.0,1.0,25.0,24.0,1.0,0.96,1.4249999999999996,0.05699999999999998,0.04,0.21037664635917488,-0.8200000000000001,0.3400000000000001,22.575,0.06312292358803985,0.2198,151.16,venue_category,KALSHI,,,,,CORPORATE_LITIGATION_BINARY,
110.0,68.0,42.0,68.0,60.0,8.0,0.8823529411764706,-3.455000000000001,-0.05080882352941178,0.0225,0.28810576713302993,-0.99,0.25,63.205,-0.054663396883157994,0.8861029411764705,59.838235294117645,venue_category,KALSHI,,,,,CPI_INFLATION_RELEASE,
8.0,7.0,1.0,7.0,6.0,1.0,0.8571428571428571,-0.475,-0.06785714285714285,0.035,0.3759305913646953,-0.9,0.25,6.475,-0.07335907335907337,0.42071428571428576,125.28571428571429,venue_category,KALSHI,,,,,FDA_FINAL_PDUFA_DECISION,
19.0,16.0,3.0,16.0,16.0,0.0,1.0,0.6404999999999998,0.04003124999999999,0.0175,0.05416655448706332,0.0004999999999999,0.1799999999999999,15.3595,0.041700576190631194,0.14253125,71.5625,venue_category,KALSHI,,,,,FOMC_DECISION,
32.0,30.0,2.0,30.0,28.0,2.0,0.9333333333333333,0.8644999999999996,0.028816666666666654,0.037500000000000006,0.22533371739578234,-0.8,0.3400000000000001,27.1355,0.03185863536695471,0.8105166666666667,70.0,venue_category,KALSHI,,,,,GDP_RELEASE,
3.0,2.0,1.0,2.0,1.0,1.0,0.5,-0.725,-0.3625,-0.3625,0.7106423150924802,-0.865,0.14,1.725,-0.42028985507246375,0.4975,191.5,venue_category,KALSHI,,,,,MA_PRE_ANNOUNCEMENT_OR_RUMOR,
4.0,2.0,2.0,2.0,2.0,0.0,1.0,0.13,0.065,0.065,0.04949747468305833,0.03,0.1,1.8699999999999999,0.06951871657754011,0.46499999999999997,51.0,venue_category,KALSHI,,,,,PAYROLLS_JOBS_RELEASE,
21.0,17.0,4.0,17.0,17.0,0.0,1.0,0.5149999999999998,0.03029411764705881,0.025,0.01924111712545023,0.015,0.08,16.485,0.03124052168638155,0.9697058823529412,29.352941176470587,venue_category,KALSHI,,,,,PCE_RELEASE,
10.0,5.0,5.0,5.0,4.0,1.0,0.8,-0.4450000000000003,-0.08900000000000005,0.0949999999999999,0.436483103911251,-0.865,0.1799999999999999,4.445,-0.10011248593925764,0.889,86.6,venue_category,KALSHI,,,,,RETAIL_SALES_RELEASE,
120.0,55.0,65.0,55.0,48.0,7.0,0.8727272727272727,0.6299999999999994,0.011454545454545445,0.05,0.32788981991933513,-0.99,0.3349999999999999,47.370000000000005,0.013299556681443938,0.712909090909091,84.41818181818182,venue_category,KALSHI,,,,,UNEMPLOYMENT_RELEASE,
3.0,2.0,1.0,2.0,2.0,0.0,1.0,0.2024999999999999,0.10124999999999995,0.10124999999999995,0.1113693180368813,0.0224999999999999,0.18,1.7974999999999999,0.11265646731571623,0.10124999999999999,14.0,venue_category,POLYMARKET,,,,,ANTITRUST_ENFORCEMENT_SINGLE_NAME,
25.0,22.0,3.0,22.0,19.0,3.0,0.8636363636363636,-0.04300000000000104,-0.0019545454545455017,0.06049999999999995,0.33733860017618966,-0.86,0.3199999999999999,19.043,-0.0022580475765373647,0.20640909090909093,9.181818181818182,venue_category,POLYMARKET,,,,,CORPORATE_LITIGATION_BINARY,
4.0,4.0,0.0,4.0,3.0,1.0,0.75,-0.6775,-0.169375,0.01874999999999995,0.5340479652303403,-0.955,0.24,3.6775,-0.18422841604350781,0.080625,13.0,venue_category,POLYMARKET,,,,,CPI_INFLATION_RELEASE,
1257.0,710.0,547.0,710.0,570.0,140.0,0.8028169014084507,4.228499999999979,0.005955633802816872,0.165,0.38896746041848707,-0.95,0.35,565.7715000000001,0.007473865332559132,0.7817204225352113,10.163380281690142,venue_category,POLYMARKET,,,,,EARNINGS_EPS,
1.0,0.0,1.0,0.0,0.0,0.0,,0.0,,,,,,,,,,venue_category,POLYMARKET,,,,,FDA_FINAL_PDUFA_DECISION,
43.0,41.0,2.0,41.0,37.0,3.0,0.9024390243902439,-0.9080007777373049,-0.022146360432617192,0.01,0.22774152409853762,-0.915,0.31,38.907999999999994,-0.023337122898563406,0.18358536585365853,12.682926829268293,venue_category,POLYMARKET,,,,,FOMC_DECISION,
24.0,21.0,3.0,21.0,21.0,0.0,1.0,1.1219999999999992,0.053428571428571395,0.027,0.061016449772640376,0.001,0.2315,19.878,0.05644431029278595,0.09533333333333333,12.095238095238095,venue_category,POLYMARKET,,,,,GDP_RELEASE,
7.0,7.0,0.0,7.0,7.0,0.0,1.0,0.4089999999999997,0.058428571428571385,0.01,0.1181398989092411,0.0054999999999999,0.3249999999999999,6.591,0.06205431649218627,0.058428571428571434,14.0,venue_category,POLYMARKET,,,,,MA_PRE_ANNOUNCEMENT_OR_RUMOR,
1.0,1.0,0.0,1.0,1.0,0.0,1.0,0.1949999999999999,0.1949999999999999,0.1949999999999999,,0.1949999999999999,0.1949999999999999,0.805,0.24223602484472034,0.805,3.0,venue_category,POLYMARKET,,,,,MA_REGULATORY_CLEARANCE,
29.0,24.0,5.0,24.0,21.0,3.0,0.875,0.11549999999999944,0.0048124999999999765,0.0949999999999999,0.3211092463599049,-0.9565,0.25,20.8845,0.005530417295123151,0.1298125,13.333333333333334,venue_category,POLYMARKET,,,,,PAYROLLS_JOBS_RELEASE,
1.0,1.0,0.0,1.0,1.0,0.0,1.0,0.235,0.235,0.235,,0.235,0.235,0.765,0.3071895424836601,0.765,13.0,venue_category,POLYMARKET,,,,,PCE_RELEASE,
40.0,30.0,10.0,30.0,27.0,3.0,0.9,0.7244999999999985,0.02414999999999995,0.05374999999999995,0.3042457080421497,-0.86,0.3149999999999999,26.275500000000005,0.027573214591539583,0.12415,12.5,venue_category,POLYMARKET,,,,,UNEMPLOYMENT_RELEASE,
159.0,159.0,0.0,159.0,158.0,1.0,0.9937106918238994,1.8599999999999994,0.011698113207547167,0.01,0.0804434509073662,-0.96,0.0799999999999999,154.55,0.012034940148819147,0.036415094339622645,11.49056603773585,venue_entry_probability_bin,FORECASTEX,,,,,,"(-0.001, 0.1]"
15.0,15.0,0.0,15.0,15.0,0.0,1.0,1.529999999999999,0.10199999999999992,0.0999999999999999,0.012649110640673554,0.0899999999999999,0.14,13.320000000000002,0.11486486486486476,0.12133333333333333,10.933333333333334,venue_entry_probability_bin,FORECASTEX,,,,,,"(0.1, 0.2]"
5.0,5.0,0.0,5.0,5.0,0.0,1.0,1.2,0.24,0.24,0.0,0.24,0.24,3.75,0.32,0.26,6.4,venue_entry_probability_bin,FORECASTEX,,,,,,"(0.2, 0.3]"
3.0,1.0,2.0,1.0,0.0,1.0,0.0,-0.71,-0.71,-0.71,,-0.71,-0.71,0.7,-1.0142857142857142,0.31,11.0,venue_entry_probability_bin,FORECASTEX,,,,,,"(0.3, 0.4]"
1.0,0.0,1.0,0.0,0.0,0.0,,0.0,,,,,,,,,,venue_entry_probability_bin,FORECASTEX,,,,,,"(0.5, 0.6]"
1.0,1.0,0.0,1.0,0.0,1.0,0.0,-0.71,-0.71,-0.71,,-0.71,-0.71,0.7,-1.0142857142857142,0.7,10.0,venue_entry_probability_bin,FORECASTEX,,,,,,"(0.6, 0.7]"
1.0,1.0,0.0,1.0,1.0,0.0,1.0,8.673617379884035e-18,8.673617379884035e-18,8.673617379884035e-18,,8.673617379884035e-18,8.673617379884035e-18,0.99,8.76122967665054e-18,0.99,12.0,venue_entry_probability_bin,FORECASTEX,,,,,,"(0.9, 1.0]"
45.0,45.0,0.0,45.0,43.0,2.0,0.9555555555555556,-0.7195,-0.01598888888888889,0.02,0.2035869394612334,-0.99,0.07,43.71949999999999,-0.01645718729628656,0.02845555555555555,129.51111111111112,venue_entry_probability_bin,KALSHI,,,,,,"(-0.001, 0.1]"
6.0,6.0,0.0,6.0,5.0,1.0,0.8333333333333334,-0.16000000000000025,-0.02666666666666671,0.12249999999999994,0.4116997287668121,-0.865,0.1799999999999999,5.16,-0.031007751937984544,0.14,84.83333333333333,venue_entry_probability_bin,KALSHI,,,,,,"(0.1, 0.2]"
6.0,6.0,0.0,6.0,4.0,2.0,0.6666666666666666,-0.35500000000000004,-0.05916666666666667,0.2425,0.5071431421863719,-0.72,0.295,4.3549999999999995,-0.0815154994259472,0.2741666666666666,79.66666666666667,venue_entry_probability_bin,KALSHI,,,,,,"(0.2, 0.3]"
9.0,5.0,4.0,5.0,3.0,2.0,0.6,-0.33000000000000007,-0.06600000000000002,0.3349999999999999,0.5515591536725684,-0.69,0.3400000000000001,3.33,-0.09909909909909911,0.334,63.4,venue_entry_probability_bin,KALSHI,,,,,,"(0.3, 0.4]"
80.0,0.0,80.0,0.0,0.0,0.0,,0.0,,,,,,,,,,venue_entry_probability_bin,KALSHI,,,,,,"(0.4, 0.5]"
36.0,0.0,36.0,0.0,0.0,0.0,,0.0,,,,,,,,,,venue_entry_probability_bin,KALSHI,,,,,,"(0.5, 0.6]"
14.0,8.0,6.0,8.0,6.0,2.0,0.75,0.5700000000000001,0.07125000000000001,0.3,0.45469573814333725,-0.665,0.3400000000000001,5.43,0.10497237569060776,0.67875,85.0,venue_entry_probability_bin,KALSHI,,,,,,"(0.6, 0.7]"
19.0,19.0,0.0,19.0,16.0,3.0,0.8421052631578947,1.3399999999999996,0.07052631578947366,0.215,0.37424700227717295,-0.8,0.29,14.410000000000002,0.09299097848716166,0.758421052631579,52.0,venue_entry_probability_bin,KALSHI,,,,,,"(0.7, 0.8]"
32.0,32.0,0.0,32.0,24.0,8.0,0.75,-3.5850000000000004,-0.11203125000000001,0.1099999999999999,0.4349506078280613,-0.895,0.195,27.585,-0.1299619358346928,0.86203125,92.15625,venue_entry_probability_bin,KALSHI,,,,,,"(0.8, 0.9]"
108.0,108.0,0.0,108.0,107.0,1.0,0.9907407407407407,2.4244999999999988,0.022449074074074062,0.025,0.1008824368951355,-0.99,0.0949999999999999,104.57549999999998,0.023184206625834917,0.9682916666666664,62.27777777777778,venue_entry_probability_bin,KALSHI,,,,,,"(0.9, 1.0]"
95.0,95.0,0.0,95.0,91.0,3.0,0.9578947368421052,-0.32550077773730757,-0.0034263239761821848,0.016,0.17230636567583074,-0.9565,0.0949999999999999,92.3255,-0.003525578282677132,0.02836315789473684,12.347368421052632,venue_entry_probability_bin,POLYMARKET,,,,,,"(-0.001, 0.1]"
23.0,23.0,0.0,23.0,20.0,3.0,0.8695652173913043,0.5119999999999998,0.022260869565217382,0.145,0.345215475186586,-0.86,0.1999999999999999,19.488,0.026272577996715916,0.15269565217391304,13.304347826086957,venue_entry_probability_bin,POLYMARKET,,,,,,"(0.1, 0.2]"
31.0,31.0,0.0,31.0,23.0,8.0,0.7419354838709677,-0.2670000000000008,-0.008612903225806478,0.24,0.4459725273615969,-0.795,0.295,23.267000000000003,-0.01147548029397863,0.24945161290322582,10.774193548387096,venue_entry_probability_bin,POLYMARKET,,,,,,"(0.2, 0.3]"
43.0,14.0,29.0,14.0,9.0,5.0,0.6428571428571429,-0.41000000000000103,-0.02928571428571436,0.3149999999999999,0.4980263243847856,-0.685,0.345,9.41,-0.043570669500531456,0.32785714285714285,9.571428571428571,venue_entry_probability_bin,POLYMARKET,,,,,,"(0.3, 0.4]"
361.0,0.0,361.0,0.0,0.0,0.0,,0.0,,,,,,,,,,venue_entry_probability_bin,POLYMARKET,,,,,,"(0.4, 0.5]"
128.0,0.0,128.0,0.0,0.0,0.0,,0.0,,,,,,,,,,venue_entry_probability_bin,POLYMARKET,,,,,,"(0.5, 0.6]"
135.0,81.0,54.0,81.0,52.0,29.0,0.6419753086419753,-2.8350000000000035,-0.035000000000000045,0.305,0.4793582950153257,-0.7,0.35,54.835,-0.0517005562140969,0.6769753086419753,10.555555555555555,venue_entry_probability_bin,POLYMARKET,,,,,,"(0.6, 0.7]"
269.0,269.0,0.0,269.0,208.0,61.0,0.7732342007434945,5.184999999999993,0.01927509293680295,0.2299999999999999,0.41815106373319677,-0.8,0.295,202.815,0.02556517022902642,0.7539591078066914,9.79182156133829,venue_entry_probability_bin,POLYMARKET,,,,,,"(0.7, 0.8]"
290.0,290.0,0.0,290.0,252.0,38.0,0.8689655172413793,5.583999999999993,0.01925517241379308,0.145,0.33551562145388925,-0.9,0.1949999999999999,246.416,0.022660866177520913,0.8497103448275862,10.455172413793104,venue_entry_probability_bin,POLYMARKET,,,,,,"(0.8, 0.9]"
60.0,60.0,0.0,60.0,54.0,6.0,0.9,-1.840000000000004,-0.030666666666666734,0.0724999999999999,0.303139290390624,-0.95,0.0959999999999999,55.839999999999996,-0.032951289398280875,0.9306666666666666,10.216666666666667,venue_entry_probability_bin,POLYMARKET,,,,,,"(0.9, 1.0]"
